"event_id","character_name","character_class","discord_id","role_detected","role_source","spec_name","damage_amount","healing_amount","log_id","created_at"
"1385340866624749572","Abramz","Warrior","691069391533768844","dps","spec_based","Fury","2952568","26002","FrKBCLNdpYjVX7At","2025-07-29 23:41:42.986701"
"1385340866624749572","Blackbraid","Warrior","389151558564184064","dps","spec_based","Fury","3222481","33999","FrKBCLNdpYjVX7At","2025-07-29 23:41:42.978923"
"1385340866624749572","Cairo","Rogue","943213329609003008","dps","spec_based","Combat","2681929","36274","FrKBCLNdpYjVX7At","2025-07-29 23:41:42.986874"
"1385340866624749572","Christaras","Shaman","412985344888274944","healer","spec_based","Restoration1","0","1229963","FrKBCLNdpYjVX7At","2025-07-29 23:41:42.987573"
"1385340866624749572","Cortez","Mage","620717941964537866","dps","spec_based","Fire","3090883","15937","FrKBCLNdpYjVX7At","2025-07-29 23:41:42.983264"
"1385340866624749572","Dalila","Warlock","705151442381570150","dps","spec_based","Affliction","1877148","70501","FrKBCLNdpYjVX7At","2025-07-29 23:41:42.985736"
"1385340866624749572","Dapucci","Shaman","1036014347857707049","healer","spec_based","Restoration1","15765","563540","FrKBCLNdpYjVX7At","2025-07-29 23:41:42.985925"
"1385340866624749572","Diam","Priest","904137674242269224","healer","spec_based","Holy","26064","1058760","FrKBCLNdpYjVX7At","2025-07-29 23:41:42.986527"
"1385340866624749572","Garaddon","Warrior","671451232056901673","tank","spec_based","Protection","1503931","27145","FrKBCLNdpYjVX7At","2025-07-29 23:41:42.982135"
"1385340866624749572","Genie","Warrior",NULL,NULL,NULL,NULL,"2449938","30943","FrKBCLNdpYjVX7At","2025-07-29 23:41:42.981648"
"1385340866624749572","Grìmà","Warrior","600243575971905546","dps","spec_based","Fury","2574479","33263","FrKBCLNdpYjVX7At","2025-07-29 23:41:42.983917"
"1385340866624749572","Hideändrun","Rogue","1005588987911610489","dps","spec_based","Combat","2164202","12079","FrKBCLNdpYjVX7At","2025-07-29 23:41:42.97972"
"1385340866624749572","Insanelolzx","Mage","177438992386621440","dps","spec_based","Fire","2911335","9400","FrKBCLNdpYjVX7At","2025-07-29 23:41:42.977943"
"1385340866624749572","Jazzo","Shaman","1367122362897666160","healer","spec_based","Restoration1","32407","992899","FrKBCLNdpYjVX7At","2025-07-29 23:41:42.98705"
"1385340866624749572","Jimmytotem","Shaman","191530020743675905","healer","spec_based","Restoration1","3508","933599","FrKBCLNdpYjVX7At","2025-07-29 23:41:42.985108"
"1385340866624749572","Khree","Warlock","279888560113582080","dps","spec_based","Destruction","2616471","44686","FrKBCLNdpYjVX7At","2025-07-29 23:41:42.980837"
"1385340866624749572","Lambo","Priest","805066504986296350","dps","spec_based","Shadow","654903","52668","FrKBCLNdpYjVX7At","2025-07-29 23:41:42.983089"
"1385340866624749572","Lømildor","Warrior",NULL,NULL,NULL,NULL,"3676763","39199","FrKBCLNdpYjVX7At","2025-07-29 23:41:42.979923"
"1385340866624749572","Metion","Rogue","190949124172939265","dps","spec_based","Combat","3119662","27475","FrKBCLNdpYjVX7At","2025-07-29 23:41:42.981362"
"1385340866624749572","Mithrandir","Shaman","716404634683703416","healer","spec_based","Restoration1","17361","1362679","FrKBCLNdpYjVX7At","2025-07-29 23:41:42.98192"
"1385340866624749572","Mudmouth","Warrior","248439633271062529","tank","spec_based","Protection","1660806","23973","FrKBCLNdpYjVX7At","2025-07-29 23:41:42.982906"
"1385340866624749572","Nikmagnific","Mage","239815009973174287","dps","spec_based","Fire","3730680","17438","FrKBCLNdpYjVX7At","2025-07-29 23:41:42.984896"
"1385340866624749572","Obertan","Warrior","648579423502860298","dps","spec_based","Fury","3548379","42682","FrKBCLNdpYjVX7At","2025-07-29 23:41:42.98632"
"1385340866624749572","Odoakar","Warrior","784766324625768510","tank","spec_based","Protection","1635181","36913","FrKBCLNdpYjVX7At","2025-07-29 23:41:42.980555"
"1385340866624749572","Örümcek","Priest","256122577666179072","healer","spec_based","Discipline","679","964562","FrKBCLNdpYjVX7At","2025-07-29 23:41:42.986106"
"1385340866624749572","Pinkparse","Warrior",NULL,NULL,NULL,NULL,"4414218","23922","FrKBCLNdpYjVX7At","2025-07-29 23:41:42.984685"
"1385340866624749572","Pvelord","Warrior","458973190119620608","dps","spec_based","Fury","3590421","24001","FrKBCLNdpYjVX7At","2025-07-29 23:41:42.982354"
"1385340866624749572","Rastgele","Hunter","321652310830874625","dps","spec_based","Marksmanship","1973592","13882","FrKBCLNdpYjVX7At","2025-07-29 23:41:42.985516"
"1385340866624749572","Restroshm","Shaman",NULL,NULL,NULL,NULL,"3503","1424938","FrKBCLNdpYjVX7At","2025-07-29 23:41:42.987215"
"1385340866624749572","Rhinöcerös","Warrior","640258639227125828","dps","spec_based","Fury","2547696","48710","FrKBCLNdpYjVX7At","2025-07-29 23:41:42.982727"
"1385340866624749572","Seliinee","Shaman","254928450723381248","healer","spec_based","Restoration1","60826","1050205","FrKBCLNdpYjVX7At","2025-07-29 23:41:42.981094"
"1385340866624749572","Shawtzu","Mage","227586645711519745","dps","spec_based","Frost","4360378","20061","FrKBCLNdpYjVX7At","2025-07-29 23:41:42.983717"
"1385340866624749572","Skullbasher","Warrior","319202067933691931","dps","spec_based","Fury","3080099","29232","FrKBCLNdpYjVX7At","2025-07-29 23:41:42.984285"
"1385340866624749572","Turanka","Shaman","612538298933444608","healer","spec_based","Restoration1","12227","1662793","FrKBCLNdpYjVX7At","2025-07-29 23:41:42.980259"
"1385340866624749572","Vanillasson","Priest","311271066280525825","healer","spec_based","Discipline","27182","1137915","FrKBCLNdpYjVX7At","2025-07-29 23:41:42.984454"
"1385340866624749572","Warduro","Warrior","211887711747964928","dps","spec_based","Fury","3498311","32494","FrKBCLNdpYjVX7At","2025-07-29 23:41:42.979193"
"1385340866624749572","Xavíus","Druid","251402838851321856","healer","spec_based","Restoration","31222","526493","FrKBCLNdpYjVX7At","2025-07-29 23:41:42.979452"
"1385340866624749572","Yarhargul","Rogue","357626647928766475","dps","spec_based","Combat","2774052","19017","FrKBCLNdpYjVX7At","2025-07-29 23:41:42.984111"
"1385340866624749572","Zohhan","Shaman",NULL,NULL,NULL,NULL,"39404","1865136","FrKBCLNdpYjVX7At","2025-07-29 23:41:42.985299"
"1385340866624749572","Zuppi","Warrior",NULL,NULL,NULL,NULL,"1752234","44676","FrKBCLNdpYjVX7At","2025-07-29 23:41:42.982542"
"1385340866624749572","zzOLDHealing Stream Totem V","Pet",NULL,NULL,NULL,NULL,"0","116","FrKBCLNdpYjVX7At","2025-07-29 23:41:42.987407"
"1388247526402166885","Albagara","Warrior","419577256390819842","dps","spec_based","Fury","2721517","25976","TQZRJX1gqpaLMkCx","2025-07-31 11:04:30.893892"
"1388247526402166885","Allanon","Hunter","1130231141681594488","dps","spec_based","Marksmanship","1683004","17425","TQZRJX1gqpaLMkCx","2025-07-31 11:04:30.885552"
"1388247526402166885","Arxontas","Druid","656276241711628308","healer","spec_based","Restoration","8743","552234","TQZRJX1gqpaLMkCx","2025-07-31 11:04:30.899505"
"1388247526402166885","Asagud","Shaman","393471627871911937","healer","spec_based","Restoration1","1998","1029987","TQZRJX1gqpaLMkCx","2025-07-31 11:04:30.887494"
"1388247526402166885","Bambooche","Shaman","239815009973174287","healer","spec_based","Restoration1","5718","1822216","TQZRJX1gqpaLMkCx","2025-07-31 11:04:30.885879"
"1388247526402166885","Blackbraid","Warrior","389151558564184064","dps","spec_based","Fury","2848471","32011","TQZRJX1gqpaLMkCx","2025-07-31 11:04:30.890299"
"1388247526402166885","Chatgpt","Mage","707178167214800998","dps","spec_based","Fire","3404277","25597","TQZRJX1gqpaLMkCx","2025-07-31 11:04:30.895048"
"1388247526402166885","Cisaris","Priest","226107802081296396","healer","spec_based","Discipline","0","789737","TQZRJX1gqpaLMkCx","2025-07-31 11:04:30.900572"
"1388247526402166885","Color","Shaman","204683623461421056","healer","spec_based","Restoration1","15237","906974","TQZRJX1gqpaLMkCx","2025-07-31 11:04:30.886915"
"1388247526402166885","Dabuko","Warrior",NULL,NULL,NULL,NULL,"3740591","39842","TQZRJX1gqpaLMkCx","2025-07-31 11:04:30.885184"
"1388247526402166885","Djic","Warrior","214482678999810048","dps","spec_based","Fury","2552529","47833","TQZRJX1gqpaLMkCx","2025-07-31 11:04:30.887748"
"1388247526402166885","Dracul","Warlock","620717941964537866","dps","spec_based","Destruction","2022798","27783","TQZRJX1gqpaLMkCx","2025-07-31 11:04:30.888862"
"1388247526402166885","Draqua","Shaman","784766324625768510","healer","spec_based","Restoration1","1376","1409524","TQZRJX1gqpaLMkCx","2025-07-31 11:04:30.891001"
"1388247526402166885","Fastlegen","Priest",NULL,NULL,NULL,NULL,"16709","1148053","TQZRJX1gqpaLMkCx","2025-07-31 11:04:30.895397"
"1388247526402166885","Feafth","Warrior","357626647928766475","dps","spec_based","Fury","3072382","41956","TQZRJX1gqpaLMkCx","2025-07-31 11:04:30.893222"
"1388247526402166885","Gerrald","Rogue","671451232056901673","dps","spec_based","Combat","3011838","28114","TQZRJX1gqpaLMkCx","2025-07-31 11:04:30.883218"
"1388247526402166885","Hidu","Mage","524320962246737929","dps","spec_based","Fire","3663154","17022","TQZRJX1gqpaLMkCx","2025-07-31 11:04:30.898613"
"1388247526402166885","Icecold","Mage","224562435674079232","dps","spec_based","Fire","2495206","19438","TQZRJX1gqpaLMkCx","2025-07-31 11:04:30.887215"
"1388247526402166885","Insanelolz","Warrior","177438992386621440","dps","spec_based","Fury","4263910","25753","TQZRJX1gqpaLMkCx","2025-07-31 11:04:30.890674"
"1388247526402166885","Kaervas","Warrior",NULL,NULL,NULL,NULL,"2676621","44624","TQZRJX1gqpaLMkCx","2025-07-31 11:04:30.88921"
"1388247526402166885","Kamm","Shaman","256122577666179072","healer","spec_based","Restoration1","2882","1151013","TQZRJX1gqpaLMkCx","2025-07-31 11:04:30.8866"
"1388247526402166885","Kurtalp","Shaman","321652310830874625","healer","spec_based","Restoration1","1409","1315790","TQZRJX1gqpaLMkCx","2025-07-31 11:04:30.897154"
"1388247526402166885","Leska","Warrior","601843132681945108","dps","spec_based","Fury","4281162","29012","TQZRJX1gqpaLMkCx","2025-07-31 11:04:30.896258"
"1388247526402166885","Lúthien","Priest",NULL,NULL,NULL,NULL,"0","3719","TQZRJX1gqpaLMkCx","2025-07-31 11:04:30.900043"
"1388247526402166885","Mudmouth","Warrior","248439633271062529","tank","spec_based","Protection","1350509","36623","TQZRJX1gqpaLMkCx","2025-07-31 11:04:30.896744"
"1388247526402166885","Orcamadonna","Shaman",NULL,NULL,NULL,NULL,"12050","467562","TQZRJX1gqpaLMkCx","2025-07-31 11:04:30.898122"
"1388247526402166885","Piieer","Shaman","221256957934305282","healer","spec_based","Restoration1","22029","1030626","TQZRJX1gqpaLMkCx","2025-07-31 11:04:30.892422"
"1388247526402166885","Rhinoceros","Rogue","640258639227125828","dps","spec_based","Combat","2677456","41530","TQZRJX1gqpaLMkCx","2025-07-31 11:04:30.895793"
"1388247526402166885","Rosbert","Warrior","400350632340488193","dps","spec_based","Fury","3124251","33833","TQZRJX1gqpaLMkCx","2025-07-31 11:04:30.897653"
"1388247526402166885","Shamka","Shaman",NULL,NULL,NULL,NULL,"23392","1750828","TQZRJX1gqpaLMkCx","2025-07-31 11:04:30.889553"
"1388247526402166885","Shaw","Warrior","227586645711519745","tank","spec_based","Protection","3618372","53045","TQZRJX1gqpaLMkCx","2025-07-31 11:04:30.894372"
"1388247526402166885","Slayêr","Warrior",NULL,NULL,NULL,NULL,"1802710","21470","TQZRJX1gqpaLMkCx","2025-07-31 11:04:30.891857"
"1388247526402166885","Tahr","Warrior","716404634683703416","tank","spec_based","Protection","1655469","40040","TQZRJX1gqpaLMkCx","2025-07-31 11:04:30.884769"
"1388247526402166885","Tarioness","Shaman",NULL,NULL,NULL,NULL,"1863","721540","TQZRJX1gqpaLMkCx","2025-07-31 11:04:30.886213"
"1388247526402166885","Toxicbeef","Warlock",NULL,NULL,NULL,NULL,"1804351","36781","TQZRJX1gqpaLMkCx","2025-07-31 11:04:30.899067"
"1388247526402166885","Vanillashake","Warrior","311271066280525825","dps","spec_based","Fury","3500040","35463","TQZRJX1gqpaLMkCx","2025-07-31 11:04:30.884403"
"1388247526402166885","Vitovt","Warrior","711647764257177610","dps","spec_based","Fury","2620859","28066","TQZRJX1gqpaLMkCx","2025-07-31 11:04:30.891321"
"1388247526402166885","Wrathzor","Warrior","264495189182119936","dps","spec_based","Fury","4120820","45456","TQZRJX1gqpaLMkCx","2025-07-31 11:04:30.883968"
"1388247526402166885","Xardia","Mage","628658372341792768","dps","spec_based","Fire","1757351","16247","TQZRJX1gqpaLMkCx","2025-07-31 11:04:30.889946"
"1388247526402166885","Zohanjr","Shaman",NULL,NULL,NULL,NULL,"56023","2078598","TQZRJX1gqpaLMkCx","2025-07-31 11:04:30.888069"
"1388247526402166885","Zorroz","Rogue","1013104402678153336","dps","spec_based","Combat","2456027","39119","TQZRJX1gqpaLMkCx","2025-07-31 11:04:30.888465"
"1388247526402166885","zzOLDHealing Stream Totem V","Pet",NULL,NULL,NULL,NULL,"0","36","TQZRJX1gqpaLMkCx","2025-07-31 11:04:30.901181"
"1390414301096841236","Aalmira","Mage","452459962988363777","dps","spec_based","Fire","2177791","21916","jqwKCDtL2rBYXxpG","2025-07-30 10:42:59.321096"
"1390414301096841236","Ariela","Shaman",NULL,NULL,NULL,NULL,"4905","1289013","jqwKCDtL2rBYXxpG","2025-07-30 10:42:59.321781"
"1390414301096841236","Ceylo","Priest","931256212660576336","healer","spec_based","Discipline","33566","642491","jqwKCDtL2rBYXxpG","2025-07-30 10:42:59.319987"
"1390414301096841236","Chica","Warrior",NULL,NULL,NULL,NULL,"2807876","33120","jqwKCDtL2rBYXxpG","2025-07-30 10:42:59.317304"
"1390414301096841236","Cortez","Mage","620717941964537866","dps","spec_based","Fire","2245986","16154","jqwKCDtL2rBYXxpG","2025-07-30 10:42:59.313678"
"1390414301096841236","Dalila","Warlock","705151442381570150","dps","spec_based","Affliction","1587665","56190","jqwKCDtL2rBYXxpG","2025-07-30 10:42:59.312867"
"1390414301096841236","Garaddon","Warrior","671451232056901673","tank","spec_based","Protection","1291743","28674","jqwKCDtL2rBYXxpG","2025-07-30 10:42:59.315812"
"1390414301096841236","Hideändrun","Rogue","1005588987911610489","dps","spec_based","Combat","2492678","18687","jqwKCDtL2rBYXxpG","2025-07-30 10:42:59.321965"
"1390414301096841236","Hornysläcker","Shaman",NULL,NULL,NULL,NULL,"26079","845570","jqwKCDtL2rBYXxpG","2025-07-30 10:42:59.31613"
"1390414301096841236","Insanelolzx","Mage","177438992386621440","dps","spec_based","Fire","2952987","12393","jqwKCDtL2rBYXxpG","2025-07-30 10:42:59.31389"
"1390414301096841236","Khree","Warlock","279888560113582080","dps","spec_based","Destruction","2221094","40290","jqwKCDtL2rBYXxpG","2025-07-30 10:42:59.320871"
"1390414301096841236","Lambo","Priest","805066504986296350","dps","spec_based","Shadow","859325","28623","jqwKCDtL2rBYXxpG","2025-07-30 10:42:59.318502"
"1390414301096841236","Lømildor","Warrior",NULL,NULL,NULL,NULL,"3404110","26335","jqwKCDtL2rBYXxpG","2025-07-30 10:42:59.311801"
"1390414301096841236","Mithrandir","Shaman","716404634683703416","healer","spec_based","Restoration1","844","1124481","jqwKCDtL2rBYXxpG","2025-07-30 10:42:59.321361"
"1390414301096841236","Moox","Druid","540512300570771457","healer","spec_based","Restoration","33030","289737","jqwKCDtL2rBYXxpG","2025-07-30 10:42:59.317999"
"1390414301096841236","Mudmouth","Warrior","248439633271062529","tank","spec_based","Protection","1653031","28078","jqwKCDtL2rBYXxpG","2025-07-30 10:42:59.31319"
"1390414301096841236","Namaste","Shaman",NULL,NULL,NULL,NULL,"15748","1206457","jqwKCDtL2rBYXxpG","2025-07-30 10:42:59.314648"
"1390414301096841236","Nikmagnific","Mage","239815009973174287","dps","spec_based","Fire","3264072","14265","jqwKCDtL2rBYXxpG","2025-07-30 10:42:59.315477"
"1390414301096841236","Odoakar","Warrior","784766324625768510","tank","spec_based","Protection","1759625","30867","jqwKCDtL2rBYXxpG","2025-07-30 10:42:59.320599"
"1390414301096841236","Pvelord","Warrior","458973190119620608","dps","spec_based","Fury","3456480","29863","jqwKCDtL2rBYXxpG","2025-07-30 10:42:59.318998"
"1390414301096841236","Rastgele","Hunter","321652310830874625","dps","spec_based","Marksmanship","1830105","14846","jqwKCDtL2rBYXxpG","2025-07-30 10:42:59.315069"
"1390414301096841236","Rhinöcerös","Warrior","640258639227125828","dps","spec_based","Fury","2786122","41790","jqwKCDtL2rBYXxpG","2025-07-30 10:42:59.316808"
"1390414301096841236","Riceface","Warrior","235066417123164160","dps","spec_based","Fury","3687142","33072","jqwKCDtL2rBYXxpG","2025-07-30 10:42:59.313454"
"1390414301096841236","Seliinee","Shaman","254928450723381248","healer","spec_based","Restoration1","38004","1090160","jqwKCDtL2rBYXxpG","2025-07-30 10:42:59.315276"
"1390414301096841236","Shawtzu","Mage","227586645711519745","dps","spec_based","Frost","3716039","16012","jqwKCDtL2rBYXxpG","2025-07-30 10:42:59.322148"
"1390414301096841236","Shockmann","Shaman","178959837370122241","healer","spec_based","Restoration1","31436","1074570","jqwKCDtL2rBYXxpG","2025-07-30 10:42:59.319705"
"1390414301096841236","Skullbasher","Warrior","319202067933691931","dps","spec_based","Fury","3006874","20823","jqwKCDtL2rBYXxpG","2025-07-30 10:42:59.317767"
"1390414301096841236","Slayêr","Warrior",NULL,NULL,NULL,NULL,"3469041","26615","jqwKCDtL2rBYXxpG","2025-07-30 10:42:59.319213"
"1390414301096841236","Sovask","Rogue","1295060409589698682","dps","spec_based","Combat","1718005","19001","jqwKCDtL2rBYXxpG","2025-07-30 10:42:59.321578"
"1390414301096841236","Turanka","Shaman","612538298933444608","healer","spec_based","Restoration1","3933","1529202","jqwKCDtL2rBYXxpG","2025-07-30 10:42:59.320304"
"1390414301096841236","Vanillasson","Priest","311271066280525825","healer","spec_based","Discipline","22751","979440","jqwKCDtL2rBYXxpG","2025-07-30 10:42:59.322331"
"1390414301096841236","Warduro","Warrior","211887711747964928","dps","spec_based","Fury","3247063","31644","jqwKCDtL2rBYXxpG","2025-07-30 10:42:59.317087"
"1390414301096841236","Wrathzor","Warrior","264495189182119936","dps","spec_based","Fury","3866349","31666","jqwKCDtL2rBYXxpG","2025-07-30 10:42:59.322518"
"1390414301096841236","Wygraljebany","Warrior","679392310672228352","dps","spec_based","Fury","2186459","27663","jqwKCDtL2rBYXxpG","2025-07-30 10:42:59.314866"
"1390414301096841236","Xanthias","Warrior","1114972196645908641","dps","spec_based","Fury","3337392","28334","jqwKCDtL2rBYXxpG","2025-07-30 10:42:59.318212"
"1390414301096841236","Xavíus","Druid","251402838851321856","healer","spec_based","Restoration","80408","469798","jqwKCDtL2rBYXxpG","2025-07-30 10:42:59.316445"
"1390414301096841236","Xenaphes","Rogue","838864674178596884","dps","spec_based","Combat","2257965","35867","jqwKCDtL2rBYXxpG","2025-07-30 10:42:59.318753"
"1390414301096841236","Yarhargul","Rogue","357626647928766475","dps","spec_based","Combat","2411767","19595","jqwKCDtL2rBYXxpG","2025-07-30 10:42:59.317514"
"1390414301096841236","Zohhan","Shaman",NULL,NULL,NULL,NULL,"54460","1728346","jqwKCDtL2rBYXxpG","2025-07-30 10:42:59.319439"
"1390414301096841236","Zuppi","Warrior",NULL,NULL,NULL,NULL,"1639421","39983","jqwKCDtL2rBYXxpG","2025-07-30 10:42:59.314088"
"1390414301096841236","zzOLDHealing Stream Totem V","Pet",NULL,NULL,NULL,NULL,"0","39","jqwKCDtL2rBYXxpG","2025-07-30 10:42:59.322701"
"1390784279591780485","Bambooche","Shaman","239815009973174287","healer","spec_based","Restoration1","5428","1685759","2dBqvhmnwaCApRgb","2025-07-30 00:37:30.310033"
"1390784279591780485","Blackbraid","Warrior","389151558564184064","tank","spec_based","Protection","2843965","28122","2dBqvhmnwaCApRgb","2025-07-30 00:37:30.302434"
"1390784279591780485","Catfishbilly","Shaman","248439633271062529","healer","spec_based","Restoration1","5430","966305","2dBqvhmnwaCApRgb","2025-07-30 00:37:30.311183"
"1390784279591780485","Chatgpt","Mage","707178167214800998","dps","spec_based","Fire","3250637","22889","2dBqvhmnwaCApRgb","2025-07-30 00:37:30.305466"
"1390784279591780485","Cisaris","Priest","226107802081296396","healer","spec_based","Discipline","0","848955","2dBqvhmnwaCApRgb","2025-07-30 00:37:30.312405"
"1390784279591780485","Color","Shaman","204683623461421056","healer","spec_based","Restoration1","24933","944655","2dBqvhmnwaCApRgb","2025-07-30 00:37:30.306024"
"1390784279591780485","Cornpop","Warrior","569612621418856450","tank","spec_based","Protection","1990613","23391","2dBqvhmnwaCApRgb","2025-07-30 00:37:30.308122"
"1390784279591780485","Dapuci","Mage",NULL,NULL,NULL,NULL,"2408132","20928","2dBqvhmnwaCApRgb","2025-07-30 00:37:30.306507"
"1390784279591780485","Djic","Warrior","214482678999810048","dps","spec_based","Fury","2708939","43282","2dBqvhmnwaCApRgb","2025-07-30 00:37:30.304151"
"1390784279591780485","Exedaa","Warrior",NULL,NULL,NULL,NULL,"3923136","21364","2dBqvhmnwaCApRgb","2025-07-30 00:37:30.31043"
"1390784279591780485","Feafth","Warrior","357626647928766475","dps","spec_based","Fury","3053747","28484","2dBqvhmnwaCApRgb","2025-07-30 00:37:30.310671"
"1390784279591780485","Gerrald","Rogue","671451232056901673","dps","spec_based","Combat","3044347","24159","2dBqvhmnwaCApRgb","2025-07-30 00:37:30.302711"
"1390784279591780485","Hixia","Shaman","277130922439213066","healer","spec_based","Restoration1","14310","1265866","2dBqvhmnwaCApRgb","2025-07-30 00:37:30.305714"
"1390784279591780485","Icecold","Mage","224562435674079232","dps","spec_based","Fire","2359649","8738","2dBqvhmnwaCApRgb","2025-07-30 00:37:30.303501"
"1390784279591780485","Insanelolz","Warrior","177438992386621440","dps","spec_based","Fury","4081492","20618","2dBqvhmnwaCApRgb","2025-07-30 00:37:30.311481"
"1390784279591780485","Jimmaah","Warrior","191530020743675905","tank","spec_based","Protection","1892563","32632","2dBqvhmnwaCApRgb","2025-07-30 00:37:30.307023"
"1390784279591780485","Joulia","Priest","412985344888274944","healer","spec_based","Discipline","0","816968","2dBqvhmnwaCApRgb","2025-07-30 00:37:30.31288"
"1390784279591780485","Kaervas","Warrior",NULL,NULL,NULL,NULL,"2695613","31942","2dBqvhmnwaCApRgb","2025-07-30 00:37:30.307811"
"1390784279591780485","Kurtalp","Shaman","321652310830874625","healer","spec_based","Restoration1","1106","1238504","2dBqvhmnwaCApRgb","2025-07-30 00:37:30.307516"
"1390784279591780485","Madurö","Hunter","211887711747964928","dps","spec_based","Marksmanship","875115","15871","2dBqvhmnwaCApRgb","2025-07-30 00:37:30.304346"
"1390784279591780485","Naldi","Druid","355391467520262156","healer","spec_based","Restoration","6405","530125","2dBqvhmnwaCApRgb","2025-07-30 00:37:30.305164"
"1390784279591780485","Obertan","Warrior","648579423502860298","dps","spec_based","Fury","3225259","38407","2dBqvhmnwaCApRgb","2025-07-30 00:37:30.304534"
"1390784279591780485","Odeakard","Warlock","784766324625768510","dps","spec_based","Destruction","1547467","29589","2dBqvhmnwaCApRgb","2025-07-30 00:37:30.309604"
"1390784279591780485","Piieer","Shaman","221256957934305282","healer","spec_based","Restoration1","20933","871116","2dBqvhmnwaCApRgb","2025-07-30 00:37:30.303956"
"1390784279591780485","Rhinoceros","Rogue","640258639227125828","dps","spec_based","Combat","2527271","31181","2dBqvhmnwaCApRgb","2025-07-30 00:37:30.303724"
"1390784279591780485","Rosbert","Warrior","400350632340488193","dps","spec_based","Fury","2488018","34651","2dBqvhmnwaCApRgb","2025-07-30 00:37:30.309171"
"1390784279591780485","Shallows","Priest","683342729844883486","healer","spec_based","Holy","55638","770789","2dBqvhmnwaCApRgb","2025-07-30 00:37:30.308753"
"1390784279591780485","Shamka","Shaman",NULL,NULL,NULL,NULL,"20360","1545361","2dBqvhmnwaCApRgb","2025-07-30 00:37:30.309409"
"1390784279591780485","Shaw","Warrior","227586645711519745","tank","spec_based","Protection","3862415","37234","2dBqvhmnwaCApRgb","2025-07-30 00:37:30.31177"
"1390784279591780485","Smikz","Warrior","110826083821047808","dps","spec_based","Fury","3691908","34031","2dBqvhmnwaCApRgb","2025-07-30 00:37:30.306262"
"1390784279591780485","Snåttabajas","Warrior",NULL,NULL,NULL,NULL,"3689517","42316","2dBqvhmnwaCApRgb","2025-07-30 00:37:30.303276"
"1390784279591780485","Tøtemsläcker","Shaman",NULL,NULL,NULL,NULL,"19667","361342","2dBqvhmnwaCApRgb","2025-07-30 00:37:30.310935"
"1390784279591780485","Toxicbeef","Warlock",NULL,NULL,NULL,NULL,"1345838","21856","2dBqvhmnwaCApRgb","2025-07-30 00:37:30.308963"
"1390784279591780485","Virexzug","Warrior","273894642041356291","dps","spec_based","Fury","2812948","31355","2dBqvhmnwaCApRgb","2025-07-30 00:37:30.310229"
"1390784279591780485","Vitovt","Warrior","711647764257177610","dps","spec_based","Fury","2361526","25966","2dBqvhmnwaCApRgb","2025-07-30 00:37:30.308553"
"1390784279591780485","Xardia","Mage","628658372341792768","dps","spec_based","Fire","1978683","22279","2dBqvhmnwaCApRgb","2025-07-30 00:37:30.301347"
"1390784279591780485","Xurha","Rogue","228504811266375680","dps","spec_based","Combat","2130101","19627","2dBqvhmnwaCApRgb","2025-07-30 00:37:30.308343"
"1390784279591780485","Zaappi","Warrior","492023474437619732","tank","spec_based","Protection","1615544","39323","2dBqvhmnwaCApRgb","2025-07-30 00:37:30.303"
"1390784279591780485","Zohanjr","Shaman",NULL,NULL,NULL,NULL,"41534","1889017","2dBqvhmnwaCApRgb","2025-07-30 00:37:30.306711"
"1390784279591780485","Zorroz","Rogue","1013104402678153336","dps","spec_based","Combat","2484755","28809","2dBqvhmnwaCApRgb","2025-07-30 00:37:30.309803"
"1390784279591780485","zzOLDHealing Stream Totem V","Pet",NULL,NULL,NULL,NULL,"0","41","2dBqvhmnwaCApRgb","2025-07-30 00:37:30.312661"
"1394045831551778956","Aalmira","Mage","452459962988363777","dps","spec_override","Fire","786547","3756","pFg9BYXH8qfNRmL3","2025-07-29 16:17:46.660561"
"1394045831551778956","Aliolehorla","Priest","533002253313769472","healer","spec_override","Discipline","1486","467024","pFg9BYXH8qfNRmL3","2025-07-29 16:17:46.670368"
"1394045831551778956","Asagud","Shaman","393471627871911937","healer","spec_override","Restoration1","3817","364823","pFg9BYXH8qfNRmL3","2025-07-29 16:17:46.673314"
"1394045831551778956","Batesparg","Warrior","951948622243721287","dps","spec_override","Fury","1600670","10699","pFg9BYXH8qfNRmL3","2025-07-29 16:17:46.665703"
"1394045831551778956","Catfishbilly","Shaman","248439633271062529","healer","spec_override","Restoration1","1017","456675","pFg9BYXH8qfNRmL3","2025-07-29 16:17:46.662015"
"1394045831551778956","Chatgpt","Mage","707178167214800998","dps","spec_override","Fire","1141189","5047","pFg9BYXH8qfNRmL3","2025-07-29 16:17:46.664153"
"1394045831551778956","Chípmunk","Warrior","1037426516541321296","dps","spec_override","Fury","918093","4734","pFg9BYXH8qfNRmL3","2025-07-29 16:17:46.672703"
"1394045831551778956","Cisaris","Priest","226107802081296396","healer","spec_override","Discipline","0","583763","pFg9BYXH8qfNRmL3","2025-07-29 16:17:46.678706"
"1394045831551778956","Color","Shaman","204683623461421056","healer","spec_override","Restoration1","481","532330","pFg9BYXH8qfNRmL3","2025-07-29 16:17:46.662584"
"1394045831551778956","Dalila","Warlock","705151442381570150","dps","spec_override","Affliction","699229","22327","pFg9BYXH8qfNRmL3","2025-07-29 16:17:46.666508"
"1394045831551778956","Dracul","Warlock","620717941964537866","dps","spec_override","Destruction","624493","4600","pFg9BYXH8qfNRmL3","2025-07-29 16:17:46.661384"
"1394045831551778956","Garaddon","Warrior","671451232056901673","tank","spec_override","Protection","410642","7508","pFg9BYXH8qfNRmL3","2025-07-29 16:17:46.659581"
"1394045831551778956","Hateyøu","Warrior","897776297764327505","dps","spec_override","Fury","1446633","11641","pFg9BYXH8qfNRmL3","2025-07-29 16:17:46.663427"
"1394045831551778956","Hixia","Shaman","277130922439213066","healer","spec_override","Restoration1","1338","700965","pFg9BYXH8qfNRmL3","2025-07-29 16:17:46.676113"
"1394045831551778956","Insanelolzx","Mage","177438992386621440","dps","spec_override","Fire","1287186","4862","pFg9BYXH8qfNRmL3","2025-07-29 16:17:46.667488"
"1394045831551778956","Jimmaah","Warrior","191530020743675905","tank","spec_override","Protection","877286","10449","pFg9BYXH8qfNRmL3","2025-07-29 16:17:46.673789"
"1394045831551778956","Kapet","Warrior","1048125701494157333","dps","spec_override","Fury","791953","11972","pFg9BYXH8qfNRmL3","2025-07-29 16:17:46.664916"
"1394045831551778956","Ketamaxxed","Warrior","278651951107932160","dps","spec_override","Fury","3934","17","pFg9BYXH8qfNRmL3","2025-07-29 16:17:46.670876"
"1394045831551778956","Kippus","Shaman","233587593508290560","healer","spec_override","Restoration1","5806","671381","pFg9BYXH8qfNRmL3","2025-07-29 16:17:46.671482"
"1394045831551778956","Lambo","Priest","805066504986296350","dps","spec_override","Shadow","554563","22308","pFg9BYXH8qfNRmL3","2025-07-29 16:17:46.663802"
"1394045831551778956","Letha","Warrior","460150909306011649","dps","spec_override","Fury","1165656","18985","pFg9BYXH8qfNRmL3","2025-07-29 16:17:46.666073"
"1394045831551778956","Mercatored","Shaman","407129924915167233","healer","spec_override","Restoration1","3004","584946","pFg9BYXH8qfNRmL3","2025-07-29 16:17:46.66823"
"1394045831551778956","Meredith","Rogue","419476539143487489","dps","spec_override","Combat","1387277","7978","pFg9BYXH8qfNRmL3","2025-07-29 16:17:46.664552"
"1394045831551778956","Metion","Rogue","190949124172939265","dps","spec_override","Combat","1238810","5598","pFg9BYXH8qfNRmL3","2025-07-29 16:17:46.659041"
"1394045831551778956","Nettles","Druid","268135459568353281","healer","spec_override","Restoration","55","342336","pFg9BYXH8qfNRmL3","2025-07-29 16:17:46.667862"
"1394045831551778956","Obertan","Warrior","648579423502860298","dps","spec_override","Fury","1328984","11938","pFg9BYXH8qfNRmL3","2025-07-29 16:17:46.65706"
"1394045831551778956","Pastingo","Shaman","770529686664773712","healer","spec_override","Restoration1","0","869293","pFg9BYXH8qfNRmL3","2025-07-29 16:17:46.677794"
"1394045831551778956","Precidia","Hunter","112207345047592960","dps","spec_override","Marksmanship","404459","6303","pFg9BYXH8qfNRmL3","2025-07-29 16:17:46.668791"
"1394045831551778956","Pvelord","Warrior","458973190119620608","dps","spec_override","Fury","1786704","10959","pFg9BYXH8qfNRmL3","2025-07-29 16:17:46.65848"
"1394045831551778956","Rähan","Warrior","711647764257177610","dps","spec_override","Fury","1538256","15023","pFg9BYXH8qfNRmL3","2025-07-29 16:17:46.669319"
"1394045831551778956","Rhinöcerös","Warrior","640258639227125828","dps","spec_override","Fury","1294149","20832","pFg9BYXH8qfNRmL3","2025-07-29 16:17:46.66974"
"1394045831551778956","Seliinee","Shaman","254928450723381248","healer","spec_override","Restoration1","6362","677923","pFg9BYXH8qfNRmL3","2025-07-29 16:17:46.674402"
"1394045831551778956","Sjinskher","Priest","450429164198297601","healer","spec_override","Discipline","481","299245","pFg9BYXH8qfNRmL3","2025-07-29 16:17:46.665334"
"1394045831551778956","Spellcaster","Mage","363343084928630785","dps","spec_override","Fire","957544","0","pFg9BYXH8qfNRmL3","2025-07-29 16:17:46.66003"
"1394045831551778956","Tønï","Rogue","154271985365549057",NULL,NULL,NULL,"335501","7502","pFg9BYXH8qfNRmL3","2025-07-29 16:17:46.677201"
"1394045831551778956","Warduro","Warrior","211887711747964928","dps","spec_override","Fury","1600379","10065","pFg9BYXH8qfNRmL3","2025-07-29 16:17:46.672076"
"1394045831551778956","Xenaphes","Rogue","838864674178596884","dps","spec_override","Combat","1024475","7693","pFg9BYXH8qfNRmL3","2025-07-29 16:17:46.667047"
"1394045831551778956","Xurha","Rogue","228504811266375680","dps","spec_override","Combat","1060332","4987","pFg9BYXH8qfNRmL3","2025-07-29 16:17:46.663036"
"1394045831551778956","Zaappi","Warrior","492023474437619732","tank","spec_override","Protection","632531","7677","pFg9BYXH8qfNRmL3","2025-07-29 16:17:46.674927"
"1394045831551778956","Zodiaken","Warrior","273919609021661185","dps","spec_override","Fury","973396","8384","pFg9BYXH8qfNRmL3","2025-07-29 16:17:46.67549"
"1394045831551778956","zzOLDHealing Stream Totem V","Pet",NULL,NULL,NULL,NULL,"0","0","pFg9BYXH8qfNRmL3","2025-07-29 16:17:46.678272"
"1395487730066264127","Aalmira","Mage","452459962988363777","dps","spec_override","Fire","2620883","32669","1zBkXftQYbwMCaZv","2025-07-30 15:12:47.062783"
"1395487730066264127","Aslan","Warrior",NULL,NULL,NULL,NULL,"1810177","32140","1zBkXftQYbwMCaZv","2025-07-30 15:12:47.072543"
"1395487730066264127","Bamhoofcha","Shaman",NULL,NULL,NULL,NULL,"14323","1271700","1zBkXftQYbwMCaZv","2025-07-30 15:12:47.065633"
"1395487730066264127","Bryggeri","Warrior",NULL,NULL,NULL,NULL,"4164029","38060","1zBkXftQYbwMCaZv","2025-07-30 15:12:47.069077"
"1395487730066264127","Catfishbilly","Shaman","248439633271062529","healer","spec_override","Restoration1","4123","1174239","1zBkXftQYbwMCaZv","2025-07-30 15:12:47.0603"
"1395487730066264127","Ceylo","Priest","931256212660576336","healer","spec_override","Discipline","34771","907603","1zBkXftQYbwMCaZv","2025-07-30 15:12:47.06965"
"1395487730066264127","Cortez","Mage","620717941964537866","dps","spec_override","Fire","3689848","22097","1zBkXftQYbwMCaZv","2025-07-30 15:12:47.062096"
"1395487730066264127","Dalila","Warlock","705151442381570150","dps","spec_override","Affliction","2286070","95104","1zBkXftQYbwMCaZv","2025-07-30 15:12:47.066906"
"1395487730066264127","Exedaa","Warrior",NULL,NULL,NULL,NULL,"3872894","29388","1zBkXftQYbwMCaZv","2025-07-30 15:12:47.059882"
"1395487730066264127","Garaddon","Warrior","671451232056901673","tank","spec_override","Protection","2136817","61318","1zBkXftQYbwMCaZv","2025-07-30 15:12:47.063656"
"1395487730066264127","Gnlol","Warrior",NULL,NULL,NULL,NULL,"3756684","43826","1zBkXftQYbwMCaZv","2025-07-30 15:12:47.05816"
"1395487730066264127","Icypeach","Mage",NULL,NULL,NULL,NULL,"3727363","22994","1zBkXftQYbwMCaZv","2025-07-30 15:12:47.063973"
"1395487730066264127","Insanelolzx","Mage","177438992386621440","dps","spec_override","Fire","3785233","16464","1zBkXftQYbwMCaZv","2025-07-30 15:12:47.066181"
"1395487730066264127","Ismwf","Shaman",NULL,NULL,NULL,NULL,"19804","1205260","1zBkXftQYbwMCaZv","2025-07-30 15:12:47.060653"
"1395487730066264127","Jimmaah","Warrior","191530020743675905","tank","spec_override","Protection","2173446","35888","1zBkXftQYbwMCaZv","2025-07-30 15:12:47.068764"
"1395487730066264127","Kaervas","Warrior",NULL,NULL,NULL,NULL,"3220031","53483","1zBkXftQYbwMCaZv","2025-07-30 15:12:47.073057"
"1395487730066264127","Lambo","Priest","805066504986296350","dps","spec_override","Shadow","1185465","56275","1zBkXftQYbwMCaZv","2025-07-30 15:12:47.071642"
"1395487730066264127","Lømildor","Warrior",NULL,NULL,NULL,NULL,"3838720","46045","1zBkXftQYbwMCaZv","2025-07-30 15:12:47.071084"
"1395487730066264127","Mihr","Hunter","214482678999810048","dps","spec_override","Marksmanship","1841663","30567","1zBkXftQYbwMCaZv","2025-07-30 15:12:47.064439"
"1395487730066264127","Mithrandir","Shaman","716404634683703416","healer","spec_override","Restoration1","25952","1720768","1zBkXftQYbwMCaZv","2025-07-30 15:12:47.067261"
"1395487730066264127","Moox","Druid","540512300570771457","healer","spec_override","Restoration","35074","430756","1zBkXftQYbwMCaZv","2025-07-30 15:12:47.063305"
"1395487730066264127","Nebsy","Priest",NULL,NULL,NULL,NULL,"22868","1129970","1zBkXftQYbwMCaZv","2025-07-30 15:12:47.06937"
"1395487730066264127","Rastgele","Hunter","321652310830874625","dps","spec_override","Marksmanship","1945915","32792","1zBkXftQYbwMCaZv","2025-07-30 15:12:47.070525"
"1395487730066264127","Rhinöcerös","Warrior","640258639227125828","dps","spec_override","Fury","3358509","58317","1zBkXftQYbwMCaZv","2025-07-30 15:12:47.06656"
"1395487730066264127","Riceface","Warrior","235066417123164160","dps","spec_override","Fury","4550260","47329","1zBkXftQYbwMCaZv","2025-07-30 15:12:47.060982"
"1395487730066264127","Seliinee","Shaman","254928450723381248","healer","spec_override","Restoration1","72957","1318583","1zBkXftQYbwMCaZv","2025-07-30 15:12:47.061341"
"1395487730066264127","Shaw","Warrior","227586645711519745","tank","spec_override","Protection","3958453","51799","1zBkXftQYbwMCaZv","2025-07-30 15:12:47.068437"
"1395487730066264127","Stabdad","Rogue",NULL,NULL,NULL,NULL,"2838464","53494","1zBkXftQYbwMCaZv","2025-07-30 15:12:47.059157"
"1395487730066264127","Tarioness","Shaman",NULL,NULL,NULL,NULL,"15142","800193","1zBkXftQYbwMCaZv","2025-07-30 15:12:47.072804"
"1395487730066264127","Tønï","Rogue",NULL,NULL,NULL,NULL,"968205","15313","1zBkXftQYbwMCaZv","2025-07-30 15:12:47.0681"
"1395487730066264127","Toxicbeef","Warlock",NULL,NULL,NULL,NULL,"2428490","51092","1zBkXftQYbwMCaZv","2025-07-30 15:12:47.071359"
"1395487730066264127","Turanka","Shaman","612538298933444608","healer","spec_override","Restoration1","4551","1912688","1zBkXftQYbwMCaZv","2025-07-30 15:12:47.062426"
"1395487730066264127","Vanillasson","Priest","311271066280525825","healer","spec_override","Discipline","30708","1317208","1zBkXftQYbwMCaZv","2025-07-30 15:12:47.069951"
"1395487730066264127","Warduro","Warrior","211887711747964928","dps","spec_override","Fury","3607214","50897","1zBkXftQYbwMCaZv","2025-07-30 15:12:47.067587"
"1395487730066264127","Wrathzor","Warrior","264495189182119936","dps","spec_override","Fury","5029457","35892","1zBkXftQYbwMCaZv","2025-07-30 15:12:47.05955"
"1395487730066264127","Xavíus","Druid","251402838851321856","healer","spec_override","Restoration","78095","705010","1zBkXftQYbwMCaZv","2025-07-30 15:12:47.070807"
"1395487730066264127","Xenaphes","Rogue","838864674178596884","dps","spec_override","Combat","3020641","67727","1zBkXftQYbwMCaZv","2025-07-30 15:12:47.070232"
"1395487730066264127","Yarhargul","Rogue","357626647928766475","dps","spec_override","Combat","3232871","34962","1zBkXftQYbwMCaZv","2025-07-30 15:12:47.061729"
"1395487730066264127","Zaappi","Warrior","492023474437619732","tank","spec_override","Protection","1702079","31978","1zBkXftQYbwMCaZv","2025-07-30 15:12:47.072228"
"1395487730066264127","Zohhan","Shaman",NULL,NULL,NULL,NULL,"63581","2278629","1zBkXftQYbwMCaZv","2025-07-30 15:12:47.071939"
"1395487730066264127","zzOLDHealing Stream Totem V","Pet",NULL,NULL,NULL,NULL,"0","0","1zBkXftQYbwMCaZv","2025-07-30 15:12:47.073305"
"1395857691041071174","Allanna","Warrior",NULL,NULL,NULL,NULL,"2290802","23912","yanZLqRX82PBcfNt","2025-07-30 13:59:07.891632"
"1395857691041071174","Amandiya","Shaman","452459962988363777","healer","spec_override","Restoration1","5185","750329","yanZLqRX82PBcfNt","2025-07-30 13:59:07.894266"
"1395857691041071174","Ary","Shaman",NULL,NULL,NULL,NULL,"5348","836469","yanZLqRX82PBcfNt","2025-07-30 13:59:07.890147"
"1395857691041071174","Asar","Warrior",NULL,NULL,NULL,NULL,"3395837","28556","yanZLqRX82PBcfNt","2025-07-30 13:59:07.899433"
"1395857691041071174","Bambooche","Shaman","239815009973174287","healer","spec_override","Restoration1","7656","1748925","yanZLqRX82PBcfNt","2025-07-30 13:59:07.90012"
"1395857691041071174","Battle Chicken","Pet",NULL,NULL,NULL,NULL,"8","0","yanZLqRX82PBcfNt","2025-07-30 13:59:07.899884"
"1395857691041071174","Boberdole","Warrior",NULL,NULL,NULL,NULL,"3265759","33530","yanZLqRX82PBcfNt","2025-07-30 13:59:07.897169"
"1395857691041071174","Bulfim","Warrior",NULL,NULL,NULL,NULL,"3355564","25140","yanZLqRX82PBcfNt","2025-07-30 13:59:07.89667"
"1395857691041071174","Chatgpt","Mage","707178167214800998","dps","spec_override","Fire","3142580","18504","yanZLqRX82PBcfNt","2025-07-30 13:59:07.891807"
"1395857691041071174","Cisaris","Priest","226107802081296396","healer","spec_override","Holy","0","917432","yanZLqRX82PBcfNt","2025-07-30 13:59:07.901328"
"1395857691041071174","Cornpop","Warrior",NULL,NULL,NULL,NULL,"1889261","32555","yanZLqRX82PBcfNt","2025-07-30 13:59:07.895673"
"1395857691041071174","Djic","Warrior","214482678999810048","dps","spec_override","Fury","2485311","39378","yanZLqRX82PBcfNt","2025-07-30 13:59:07.89098"
"1395857691041071174","Dracul","Warlock",NULL,NULL,NULL,NULL,"1752646","21045","yanZLqRX82PBcfNt","2025-07-30 13:59:07.893103"
"1395857691041071174","Feafth","Warrior",NULL,NULL,NULL,NULL,"2772490","37503","yanZLqRX82PBcfNt","2025-07-30 13:59:07.897753"
"1395857691041071174","Fialane","Priest","1315250100917895202","healer","spec_override","Discipline","13202","555735","yanZLqRX82PBcfNt","2025-07-30 13:59:07.896174"
"1395857691041071174","Gerrald","Rogue",NULL,NULL,NULL,NULL,"2855854","20264","yanZLqRX82PBcfNt","2025-07-30 13:59:07.892739"
"1395857691041071174","Hateyøu","Warrior",NULL,NULL,NULL,NULL,"3412477","33362","yanZLqRX82PBcfNt","2025-07-30 13:59:07.900541"
"1395857691041071174","Icecold","Mage","224562435674079232","dps","spec_override","Fire","2570971","14782","yanZLqRX82PBcfNt","2025-07-30 13:59:07.890552"
"1395857691041071174","Insanelolz","Warrior","177438992386621440","dps","spec_override","Fury","4011498","20907","yanZLqRX82PBcfNt","2025-07-30 13:59:07.891186"
"1395857691041071174","Khree","Warlock","279888560113582080","dps","spec_override","Destruction","2353029","44981","yanZLqRX82PBcfNt","2025-07-30 13:59:07.891993"
"1395857691041071174","Kurtalp","Shaman",NULL,NULL,NULL,NULL,"285","1455660","yanZLqRX82PBcfNt","2025-07-30 13:59:07.89078"
"1395857691041071174","Lomîldor","Mage",NULL,NULL,NULL,NULL,"2470961","12108","yanZLqRX82PBcfNt","2025-07-30 13:59:07.889541"
"1395857691041071174","Merkato","Druid","407129924915167233","healer","spec_override","Restoration","38689","756555","yanZLqRX82PBcfNt","2025-07-30 13:59:07.894694"
"1395857691041071174","Mudmouth","Warrior",NULL,NULL,NULL,NULL,"1553000","28037","yanZLqRX82PBcfNt","2025-07-30 13:59:07.899036"
"1395857691041071174","Neb","Mage",NULL,NULL,NULL,NULL,"3209649","9099","yanZLqRX82PBcfNt","2025-07-30 13:59:07.892927"
"1395857691041071174","Obertan","Warrior","648579423502860298","dps","spec_override","Fury","3152475","36000","yanZLqRX82PBcfNt","2025-07-30 13:59:07.898701"
"1395857691041071174","Putinka","Shaman","1089959327617515522","healer","spec_override","Restoration1","19460","868115","yanZLqRX82PBcfNt","2025-07-30 13:59:07.899682"
"1395857691041071174","Rhinoceros","Rogue","640258639227125828","dps","spec_override","Combat","2387131","37628","yanZLqRX82PBcfNt","2025-07-30 13:59:07.901077"
"1395857691041071174","Shallows","Priest","683342729844883486","healer","spec_override","Holy","34507","780904","yanZLqRX82PBcfNt","2025-07-30 13:59:07.900344"
"1395857691041071174","Shamka","Shaman",NULL,NULL,NULL,NULL,"19138","1721782","yanZLqRX82PBcfNt","2025-07-30 13:59:07.893635"
"1395857691041071174","Skullbasher","Warrior","319202067933691931","dps","spec_override","Fury","2001409","23851","yanZLqRX82PBcfNt","2025-07-30 13:59:07.892515"
"1395857691041071174","Slayêr","Warrior",NULL,NULL,NULL,NULL,"4016303","21266","yanZLqRX82PBcfNt","2025-07-30 13:59:07.894952"
"1395857691041071174","Smikzi","Hunter",NULL,NULL,NULL,NULL,"866660","9131","yanZLqRX82PBcfNt","2025-07-30 13:59:07.893392"
"1395857691041071174","Sniggit","Warrior","1157560445964660766","dps","spec_override","Fury","1385238","25416","yanZLqRX82PBcfNt","2025-07-30 13:59:07.892291"
"1395857691041071174","Sunchi","Shaman",NULL,NULL,NULL,NULL,"4372","1098654","yanZLqRX82PBcfNt","2025-07-30 13:59:07.891444"
"1395857691041071174","Tahr","Warrior",NULL,NULL,NULL,NULL,"1662731","46590","yanZLqRX82PBcfNt","2025-07-30 13:59:07.893862"
"1395857691041071174","Tethyr","Warrior","705151442381570150","dps","spec_override","Fury","1687749","34143","yanZLqRX82PBcfNt","2025-07-30 13:59:07.894078"
"1395857691041071174","Vanillashake","Warrior",NULL,NULL,NULL,NULL,"3163822","28394","yanZLqRX82PBcfNt","2025-07-30 13:59:07.900722"
"1395857691041071174","Xurha","Rogue","228504811266375680","dps","spec_override","Combat","2007944","25000","yanZLqRX82PBcfNt","2025-07-30 13:59:07.894457"
"1395857691041071174","Zohanjr","Shaman",NULL,NULL,NULL,NULL,"55038","2000699","yanZLqRX82PBcfNt","2025-07-30 13:59:07.895245"
"1395857691041071174","Zorroz","Rogue","1013104402678153336","dps","spec_override","Combat","2334347","30706","yanZLqRX82PBcfNt","2025-07-30 13:59:07.900901"
"1395857691041071174","zzOLDHealing Stream Totem V","Pet",NULL,NULL,NULL,NULL,"0","39","yanZLqRX82PBcfNt","2025-07-30 13:59:07.901517"
"1396582509118226575","Aalmira","Mage","452459962988363777","dps","spec_based","Fire","786547","3756","pFg9BYXH8qfNRmL3","2025-07-29 13:30:08.643594"
"1396582509118226575","Aliolehorla","Priest","533002253313769472","healer","spec_based","Discipline","1486","467024","pFg9BYXH8qfNRmL3","2025-07-29 13:30:08.646002"
"1396582509118226575","Asagud","Shaman","393471627871911937","healer","spec_based","Restoration1","3817","364823","pFg9BYXH8qfNRmL3","2025-07-29 13:30:08.652481"
"1396582509118226575","Batesparg","Warrior",NULL,NULL,NULL,NULL,"1600670","10699","pFg9BYXH8qfNRmL3","2025-07-29 13:30:08.65063"
"1396582509118226575","Catfishbilly","Shaman",NULL,NULL,NULL,NULL,"1017","456675","pFg9BYXH8qfNRmL3","2025-07-29 13:30:08.651072"
"1396582509118226575","Chatgpt","Mage",NULL,NULL,NULL,NULL,"1141189","5047","pFg9BYXH8qfNRmL3","2025-07-29 13:30:08.649392"
"1396582509118226575","Chípmunk","Warrior","1037426516541321296","dps","spec_based","Fury","918093","4734","pFg9BYXH8qfNRmL3","2025-07-29 13:30:08.644791"
"1396582509118226575","Cisaris","Priest","226107802081296396","healer","spec_based","Discipline","0","583763","pFg9BYXH8qfNRmL3","2025-07-29 13:30:08.653801"
"1396582509118226575","Color","Shaman","204683623461421056","healer","spec_based","Restoration1","481","532330","pFg9BYXH8qfNRmL3","2025-07-29 13:30:08.64411"
"1396582509118226575","Dalila","Warlock","705151442381570150","dps","spec_based","Affliction","699229","22327","pFg9BYXH8qfNRmL3","2025-07-29 13:30:08.641879"
"1396582509118226575","Dracul","Warlock",NULL,NULL,NULL,NULL,"624493","4600","pFg9BYXH8qfNRmL3","2025-07-29 13:30:08.648253"
"1396582509118226575","Garaddon","Warrior","671451232056901673","tank","spec_based","Protection","410642","7508","pFg9BYXH8qfNRmL3","2025-07-29 13:30:08.651452"
"1396582509118226575","Hateyøu","Warrior","897776297764327505","dps","spec_based","Fury","1446633","11641","pFg9BYXH8qfNRmL3","2025-07-29 13:30:08.644384"
"1396582509118226575","Hixia","Shaman","277130922439213066","healer","spec_based","Restoration1","1338","700965","pFg9BYXH8qfNRmL3","2025-07-29 13:30:08.649064"
"1396582509118226575","Insanelolzx","Mage","177438992386621440","dps","spec_based","Fire","1287186","4862","pFg9BYXH8qfNRmL3","2025-07-29 13:30:08.645407"
"1396582509118226575","Jimmaah","Warrior","191530020743675905","tank","spec_based","Protection","877286","10449","pFg9BYXH8qfNRmL3","2025-07-29 13:30:08.653079"
"1396582509118226575","Kapet","Warrior",NULL,NULL,NULL,NULL,"791953","11972","pFg9BYXH8qfNRmL3","2025-07-29 13:30:08.647188"
"1396582509118226575","Ketamaxxed","Warrior",NULL,NULL,NULL,NULL,"3934","17","pFg9BYXH8qfNRmL3","2025-07-29 13:30:08.643852"
"1396582509118226575","Kippus","Shaman","233587593508290560","healer","spec_based","Restoration1","5806","671381","pFg9BYXH8qfNRmL3","2025-07-29 13:30:08.650356"
"1396582509118226575","Lambo","Priest","805066504986296350","dps","spec_based","Shadow","554563","22308","pFg9BYXH8qfNRmL3","2025-07-29 13:30:08.652812"
"1396582509118226575","Letha","Warrior","460150909306011649","dps","spec_based","Fury","1165656","18985","pFg9BYXH8qfNRmL3","2025-07-29 13:30:08.652269"
"1396582509118226575","Mercatored","Shaman",NULL,NULL,NULL,NULL,"3004","584946","pFg9BYXH8qfNRmL3","2025-07-29 13:30:08.64659"
"1396582509118226575","Meredith","Rogue",NULL,NULL,NULL,NULL,"1387277","7978","pFg9BYXH8qfNRmL3","2025-07-29 13:30:08.651765"
"1396582509118226575","Metion","Rogue","190949124172939265","dps","spec_based","Combat","1238810","5598","pFg9BYXH8qfNRmL3","2025-07-29 13:30:08.647993"
"1396582509118226575","Nettles","Druid","268135459568353281","healer","spec_based","Restoration","55","342336","pFg9BYXH8qfNRmL3","2025-07-29 13:30:08.642671"
"1396582509118226575","Obertan","Warrior",NULL,NULL,NULL,NULL,"1328984","11938","pFg9BYXH8qfNRmL3","2025-07-29 13:30:08.645705"
"1396582509118226575","Pastingo","Shaman","770529686664773712","healer","spec_based","Restoration1","0","869293","pFg9BYXH8qfNRmL3","2025-07-29 13:30:08.653609"
"1396582509118226575","Precidia","Hunter",NULL,NULL,NULL,NULL,"404459","6303","pFg9BYXH8qfNRmL3","2025-07-29 13:30:08.652073"
"1396582509118226575","Pvelord","Warrior","458973190119620608","dps","spec_based","Fury","1786704","10959","pFg9BYXH8qfNRmL3","2025-07-29 13:30:08.647752"
"1396582509118226575","Rähan","Warrior","711647764257177610","dps","spec_based","Fury","1538256","15023","pFg9BYXH8qfNRmL3","2025-07-29 13:30:08.646265"
"1396582509118226575","Rhinöcerös","Warrior","640258639227125828","dps","spec_based","Fury","1294149","20832","pFg9BYXH8qfNRmL3","2025-07-29 13:30:08.645106"
"1396582509118226575","Seliinee","Shaman","254928450723381248","healer","spec_based","Restoration1","6362","677923","pFg9BYXH8qfNRmL3","2025-07-29 13:30:08.649729"
"1396582509118226575","Sjinskher","Priest",NULL,NULL,NULL,NULL,"481","299245","pFg9BYXH8qfNRmL3","2025-07-29 13:30:08.64327"
"1396582509118226575","Spellcaster","Mage",NULL,NULL,NULL,NULL,"957544","0","pFg9BYXH8qfNRmL3","2025-07-29 13:30:08.650064"
"1396582509118226575","Tønï","Rogue",NULL,NULL,NULL,NULL,"335501","7502","pFg9BYXH8qfNRmL3","2025-07-29 13:30:08.646863"
"1396582509118226575","Warduro","Warrior","211887711747964928","dps","spec_based","Fury","1600379","10065","pFg9BYXH8qfNRmL3","2025-07-29 13:30:08.647473"
"1396582509118226575","Xenaphes","Rogue","838864674178596884","dps","spec_based","Combat","1024475","7693","pFg9BYXH8qfNRmL3","2025-07-29 13:30:08.640375"
"1396582509118226575","Xurha","Rogue",NULL,NULL,NULL,NULL,"1060332","4987","pFg9BYXH8qfNRmL3","2025-07-29 13:30:08.642287"
"1396582509118226575","Zaappi","Warrior","492023474437619732","tank","spec_based","Protection","632531","7677","pFg9BYXH8qfNRmL3","2025-07-29 13:30:08.648716"
"1396582509118226575","Zodiaken","Warrior",NULL,NULL,NULL,NULL,"973396","8384","pFg9BYXH8qfNRmL3","2025-07-29 13:30:08.642994"
"1396582509118226575","zzOLDHealing Stream Totem V","Pet",NULL,NULL,NULL,NULL,"0","0","pFg9BYXH8qfNRmL3","2025-07-29 13:30:08.653387"
"1398024458546974870","Aalmira","Mage","452459962988363777","dps","spec_based","Fire","2373093","20804","NqxLAaW9ZhR6vgFH","2025-08-01 12:58:24.115171"
"1398024458546974870","Alihankkija","Mage","628667492893720612","dps","spec_based","Fire","2263966","19675","NqxLAaW9ZhR6vgFH","2025-08-01 12:58:24.108039"
"1398024458546974870","Amishrobot","Shaman","492023474437619732","tank","spec_based","Protection","19868","1263867","NqxLAaW9ZhR6vgFH","2025-08-01 12:58:24.113277"
"1398024458546974870","Aslan","Warrior",NULL,NULL,NULL,NULL,"1152932","12774","NqxLAaW9ZhR6vgFH","2025-08-01 12:58:24.12414"
"1398024458546974870","Beastheal","Shaman",NULL,NULL,NULL,NULL,"13986","1303957","NqxLAaW9ZhR6vgFH","2025-08-01 12:58:24.108523"
"1398024458546974870","Bestia","Warrior",NULL,NULL,NULL,NULL,"3627740","38264","NqxLAaW9ZhR6vgFH","2025-08-01 12:58:24.1096"
"1398024458546974870","Ceylo","Priest","931256212660576336","healer","spec_based","Discipline","21434","795300","NqxLAaW9ZhR6vgFH","2025-08-01 12:58:24.105851"
"1398024458546974870","Cortez","Mage","620717941964537866","dps","spec_based","Fire","3008039","10290","NqxLAaW9ZhR6vgFH","2025-08-01 12:58:24.112265"
"1398024458546974870","Dalila","Warlock","705151442381570150","dps","spec_based","Affliction","1766943","66884","NqxLAaW9ZhR6vgFH","2025-08-01 12:58:24.112705"
"1398024458546974870","Fialane","Priest","1315250100917895202","healer","spec_based","Discipline","18336","573648","NqxLAaW9ZhR6vgFH","2025-08-01 12:58:24.114821"
"1398024458546974870","Foørth","Shaman","357626647928766475","healer","spec_based","Restoration1","51791","1136055","NqxLAaW9ZhR6vgFH","2025-08-01 12:58:24.10324"
"1398024458546974870","Garaddon","Warrior","671451232056901673","tank","spec_based","Protection","1568687","38289","NqxLAaW9ZhR6vgFH","2025-08-01 12:58:24.124821"
"1398024458546974870","Gorgen","Rogue",NULL,NULL,NULL,NULL,"2771679","25290","NqxLAaW9ZhR6vgFH","2025-08-01 12:58:24.111842"
"1398024458546974870","Ismwf","Shaman",NULL,NULL,NULL,NULL,"12037","1063089","NqxLAaW9ZhR6vgFH","2025-08-01 12:58:24.11044"
"1398024458546974870","Kaervas","Warrior",NULL,NULL,NULL,NULL,"2952493","41158","NqxLAaW9ZhR6vgFH","2025-08-01 12:58:24.1069"
"1398024458546974870","Kippus","Shaman","233587593508290560","healer","spec_based","Restoration1","12847","1262321","NqxLAaW9ZhR6vgFH","2025-08-01 12:58:24.109121"
"1398024458546974870","Lambo","Priest","805066504986296350","dps","spec_based","Shadow","1112067","42872","NqxLAaW9ZhR6vgFH","2025-08-01 12:58:24.122977"
"1398024458546974870","Lømildor","Warrior","161169757775593472","dps","spec_based","Fury","3350549","29646","NqxLAaW9ZhR6vgFH","2025-08-01 12:58:24.118523"
"1398024458546974870","Lúthien","Priest",NULL,NULL,NULL,NULL,"0","0","NqxLAaW9ZhR6vgFH","2025-08-01 12:58:24.12739"
"1398024458546974870","Metion","Rogue","190949124172939265","dps","spec_based","Combat","3171121","30907","NqxLAaW9ZhR6vgFH","2025-08-01 12:58:24.119226"
"1398024458546974870","Mihr","Hunter","214482678999810048","dps","spec_based","Marksmanship","1619306","14480","NqxLAaW9ZhR6vgFH","2025-08-01 12:58:24.111358"
"1398024458546974870","Mithrandir","Shaman","716404634683703416","healer","spec_based","Restoration1","21214","1493668","NqxLAaW9ZhR6vgFH","2025-08-01 12:58:24.11625"
"1398024458546974870","Moox","Druid","540512300570771457","healer","spec_based","Restoration","59626","292817","NqxLAaW9ZhR6vgFH","2025-08-01 12:58:24.120795"
"1398024458546974870","Mudmouth","Warrior","248439633271062529","tank","spec_based","Protection","1592516","32431","NqxLAaW9ZhR6vgFH","2025-08-01 12:58:24.104856"
"1398024458546974870","Obertan","Warrior","648579423502860298","dps","spec_based","Fury","2953857","27886","NqxLAaW9ZhR6vgFH","2025-08-01 12:58:24.121992"
"1398024458546974870","Rastgele","Hunter","321652310830874625","dps","spec_based","Marksmanship","1761026","13989","NqxLAaW9ZhR6vgFH","2025-08-01 12:58:24.11697"
"1398024458546974870","Rhinöcerös","Warrior","640258639227125828","dps","spec_based","Fury","2553542","29062","NqxLAaW9ZhR6vgFH","2025-08-01 12:58:24.115791"
"1398024458546974870","Seliinee","Shaman","254928450723381248","healer","spec_based","Restoration1","104535","1172296","NqxLAaW9ZhR6vgFH","2025-08-01 12:58:24.122539"
"1398024458546974870","Shawtzu","Mage","227586645711519745","dps","spec_based","Fire","4214626","17061","NqxLAaW9ZhR6vgFH","2025-08-01 12:58:24.117931"
"1398024458546974870","Smikz","Warrior","110826083821047808","dps","spec_based","Fury","3606386","32477","NqxLAaW9ZhR6vgFH","2025-08-01 12:58:24.127009"
"1398024458546974870","Snåttabajas","Warrior","313312058324025357","dps","spec_based","Fury","3875325","33808","NqxLAaW9ZhR6vgFH","2025-08-01 12:58:24.117431"
"1398024458546974870","Sunchi","Shaman","319882595859038222","healer","spec_based","Restoration1","10505","1203140","NqxLAaW9ZhR6vgFH","2025-08-01 12:58:24.107565"
"1398024458546974870","Warduro","Warrior","211887711747964928","dps","spec_based","Fury","3373663","27858","NqxLAaW9ZhR6vgFH","2025-08-01 12:58:24.123494"
"1398024458546974870","Worriahtwo","Warrior",NULL,NULL,NULL,NULL,"3080418","21410","NqxLAaW9ZhR6vgFH","2025-08-01 12:58:24.12579"
"1398024458546974870","Wrathzor","Warrior","264495189182119936","dps","spec_based","Fury","3743615","23922","NqxLAaW9ZhR6vgFH","2025-08-01 12:58:24.126409"
"1398024458546974870","Xanthias","Warrior","1114972196645908641","dps","spec_based","Fury","3654450","29136","NqxLAaW9ZhR6vgFH","2025-08-01 12:58:24.110037"
"1398024458546974870","Xavíus","Druid","251402838851321856","healer","spec_based","Restoration","38487","564852","NqxLAaW9ZhR6vgFH","2025-08-01 12:58:24.125374"
"1398024458546974870","Xeda","Warrior","1042033036012830741","dps","spec_based","Fury","2134465","16933","NqxLAaW9ZhR6vgFH","2025-08-01 12:58:24.121295"
"1398024458546974870","Xenaphes","Rogue","838864674178596884","dps","spec_based","Combat","2769355","39787","NqxLAaW9ZhR6vgFH","2025-08-01 12:58:24.114154"
"1398024458546974870","Zachos","Warlock","412985344888274944",NULL,NULL,NULL,"2032570","41277","NqxLAaW9ZhR6vgFH","2025-08-01 12:58:24.110926"
"1398024458546974870","Zohhan","Shaman","272799806890442752","healer","spec_based","Restoration1","56559","2036585","NqxLAaW9ZhR6vgFH","2025-08-01 12:58:24.113742"
"1398024458546974870","zzOLDHealing Stream Totem V","Pet",NULL,NULL,NULL,NULL,"0","73","NqxLAaW9ZhR6vgFH","2025-08-01 12:58:24.127821"
