492023474437619732	Zaappi	Warrior
	Aivengard	Warrior
	Barbossa	Druid
	Cocomuffin	Hunter
	Colestah	Shaman
	Davebow	Hunter
	Edger	Druid
	Elitium	Druid
	Fcbarca	Druid
	Guschbua	Mage
	Hnusak	Warlock
	Javicé	Shaman
	Joblessqt	Rogue
	Jønxz	Mage
	Júst	Mage
	Lebowskï	Druid
165939056964927489	Magoira	Mage
233530700740034560	Mordokai	Warrior
598535296656736394	Nailfungus	Rogue
	Nixbé	Warrior
	Overlol	Rogue
	Releñtless	Warrior
	Sagritar	Priest
	Sensï	Warrior
	Skuggan	Warlock
	Temison	Hunter
	Tessta	Druid
	Trèn	Priest
	Trussetyven	Rogue
	Utility	Shaman
	Waggzy	Hunter
	Tryffeln	Warrior
	Palettyam	Hunter
	Impluse	Priest
	Smerco	Warrior
1055755304928813097	Chromatus	Warrior
	Skream	Hunter
	Shanky	Rogue
	Callmeks	Rogue
	Tuii	Mage
775106106145243166	Soapy	Mage
	Zorgil	Shaman
	Kerutor	Warlock
	Ripperqt	Rogue
	Bruwh	Hunter
	Azer	Warrior
140077299319046144	Mysterix	Mage
	Sarkö	Warrior
	Tanky	Warrior
	Piernaslocas	Rogue
	Angerous	Shaman
	Nicestofguys	Mage
	Lillíth	Warrior
	Muhehe	Warrior
	Gromgark	Shaman
	Zanx	Warlock
	Cuube	Rogue
	Dawken	Mage
	Fourskin	Shaman
	Ubb	Rogue
	Billyorcish	Warrior
	Bludlust	Shaman
	Trogcina	Shaman
	Emotroll	Hunter
	Rackath	Hunter
	Undeadyui	Mage
	Rexor	Mage
	Marjoj	Warrior
	Zemoski	Warrior
	Smygfis	Rogue
	Pernanns	Rogue
	Raakshas	Rogue
	Macus	Hunter
	Slain	Warrior
1055755304928813097	Yahsharaj	Warrior
	Staby	Rogue
	Zelenskiy	Rogue
	Shmoo	Druid
	Thirdqt 	Rogue
	Kukjanne	Hunter
	Shewan 	Warrior
	Xilus	Mage
	Owll	Warrior
	Glubo	Mage
	Graph	Mage
	Anabell	Shaman
	Binanceqt 	Rogue
	Zeex	Mage
	Dadf	Warrior
	Aspide	Warlock
	Cobsy	Priest
	Hitechealer	Priest
	Gange	Shaman
	Trips	Shaman
	Hammerdaddy	Shaman
	Taltspackel	Shaman
	Blondish	Priest
	Waynex	Warrior
	Njorun	Rogue
	Doomscale	Warrior
207988330141319169	Vickx	Warrior
	Hate	Shaman
	Bigdaddy	Shaman
	iolbowjob	Hunter
	Rhaegâr	Warrior
	Bonkerer	Warrior
	Kjørda	Shaman
	Katabanza	Hunter
1001881335431970826	Mashed	Warrior
	Optimo	Druid
245948919366811648	Angron	Warrior
	Julleius	Warrior
	Izafetzdi	Warrior
	Mayuzom	Warrior
	Idealwoman	Warrior
	Puttew	Warrior
	Addec	Warrior
396415173759336449	Novokiller	Warrior
	Zugshaker	Warrior
	Macallan	Rogue
	Ariaxrog	Rogue
	Mikerogue	Rogue
	Rekwon	Rogue
	Dsh	Rogue
	Zindal	Rogue
	Mevolent	Mage
	Mastah	Mage
221256957934305282	Pieer	Mage
	Snax	Warlock
	Katabaza	Hunter
	Snøwï	Druid
	Boson	Druid
706105281867808808	Neyrda	Shaman
	Lyamor	Priest
	Hellsmash	Warrior
	Skuivink	Warrior
	mashed	Warrior
	Easie	Warrior
	Ataraxic	Warrior
	Grosie	Warrior
	Dadarog	Rogue
	Shinnok	Rogue
	Clutchbanana	Rogue
	Bluebird	Rogue
	Bellezza	Rogue
	Shivd	Rogue
	Manasek	Mage
	Alkayda	Mage
	Fórtnitepog	Mage
	Spade	Warlock
	Yassop	Hunter
	Trud	Hunter
	Snowi	Druid
	Wimatede	Shaman
	Bølta	Priest
	Salis	Priest
200289851734491136	Atrocita	Shaman
	Nohero	Warrior
	Lmxw	Warrior
	Matek	Warrior
	Gaaroosh	Warrior
	Goetz	Shaman
	Easton	Rogue
	Salasalut	Rogue
385055105776615428	Sapjack	Rogue
	Sneaksanke	Rogue
	Deathsdemise	Mage
	Xilius	Mage
	Eldochis	Mage
	Ollielol	Mage
	Troublesome	Mage
	Disruption	Warlock
	Ammoniaq	Hunter
	Wowoholic	Hunter
	Dedenne	Hunter
	Oiee	Druid
587546516197998613	Reth	Shaman
	Antonbazooka	Shaman
	Mjåölmir	Shaman
	Ethernity	Shaman
	Buterfly	Shaman
	Lyq	Shaman
	Fatboy	Priest
	Koloyaya	Priest
	Lostsoul	Priest
	Zebarr	Warrior
	Allanballan	Warrior
	Shadrach	Warrior
796787328739573771	Expressio	Warrior
	Minsecs	Rogue
	Stabslash	Rogue
	Xda	Mage
	Wotang	Mage
	Ekyzerk	Warrior
	Taurnervos	Warrior
253601118674747394	Normz	Druid
200289851734491136	Rekt	Warrior
	Zumsug	Warrior
	Goldilocks	Warrior
	Crane	Warrior
	Skeeqt	Warlock
628667492893720612	Ohraleipä	Warrior
	Renarion	Rogue
	Ðopa	Warrior
	Myrkul	Warrior
	Puttep	Rogue
	Zacharias	Warlock
	Sêxy	Hunter
	Sebastarus	Hunter
	Oiie	Druid
216285998500413442	Lilcheese	Druid
	Xinnamon	Shaman
	Boneita	Priest
1163060326691000364	Turboburbo	Warrior
	Sletje	Warrior
777541211903885312	Atmas	Warrior
	Makkermayn	Warrior
	Peronbiten	Warrior
808355979497832528	Syvns	Warrior
	Ultrazuggert	Warrior
	Elamdrals	Warrior
630702957645529098	Mido	Rogue
	Dogpuke	Rogue
	Adyen	Rogue
	Anargos	Rogue
	Omæwa	Rogue
	Vizrate	Rogue
	Mornsul	Rogue
	chargegpt	Mage
	Diskok	Mage
	Ninurtâ	Mage
	Anoriath	Mage
	Cdcoutualchi	Mage
	Choonker	Warlock
	Kayzenn	Hunter
	Pendallo	Hunter
	Extravaganza	Shaman
	Razye	Shaman
492023474437619732	Amishcyborg	Shaman
	Noobhealer	Shaman
	Afalubikája	Shaman
	Prutty	Shaman
	Bolta	Priest
	Ninavaegina	Priest
	Yaux	Priest
	Aweer	Priest
	Prestelol	Priest
	Fordervet	Hunter
628658372341792768	Xardia	Priest
643180701918953485	Mjölmir	Shaman
	Muggsy	Mage
	Akaria	Mage
	Misouste	Rogue
	Probuster	Rogue
	Sneaksnake	Rogue
849734423134208000	Stickyx	Rogue
	Sharpishxdd	Rogue
	Zumzug	Warrior
	Lekro	Warrior
	Dantikovsky	Mage
	Highdps	Warrior
	Creatrix	Warrior
	Orcerikke	Warrior
	Taspé	Mage
	Akarialol	Mage
	Vermox	Rogue
	Kuttadig	Rogue
	Csontocska	Rogue
	Garish	Warrior
	Skåning	Mage
	Holyf	Priest
	Wisefluff	Priest
	Turbotubotubo	Warrior
950844856111087626	Hajpodaj	Warrior
	Punkis	Warrior
	Bruthano	Warrior
	Khrom	Warrior
	Rafiqui	Warrior
	Brontos	Warrior
215672594106548224	Xou	Rogue
	Laurento	Rogue
	Grognakdaorc	Rogue
	Kinzen	Rogue
	Sirekalagan	Rogue
	Leon	Mage
	Spankey	Warlock
	Azuth	Warlock
	DaveBow	Hunter
	Azra	Hunter
441552374570418188	Nonbinary	Druid
	Ondemann	Shaman
	Dretotemz	Shaman
	Lebowski	Priest
	Adras	Mage
	Jaquio	Rogue
	Longtit	Mage
	Ékyzerk	Warrior
226503544583225345	Brasco	Warrior
	Greisha	Warrior
	Ékyz	Warrior
	Alka	Warrior
	Renation	Rogue
	Ariax	Rogue
	Orcbis	Rogue
	Kaydibee	Rogue
	Deathdemise	Mage
252498454666805248	Xfiles	Warlock
	Cadin	Hunter
	Venrok	Shaman
598948785535582239	Caidar	Priest
	Barbii	Warrior
635206428952494102	Cheruscan	Warrior
264495189182119936	Wrathzor	Warrior
	Yakadak	Rogue
	Gojin	Rogue
	Rowx	Rogue
	Sparta	Mage
	Tytuspullo	Mage
	Lahoob	Mage
	Bønkerz	Warlock
	Laggaitotem	Shaman
	Cb	Shaman
	Jeener	Priest
	Autizt	Warrior
	Cilez	Warrior
	Niwah	Warrior
711647764257177610	Oneshotashot	Rogue
	Sarge	Rogue
	Slimsheydi	Mage
	Aetonyx	Mage
	Lastoneleft	Mage
	Oldlove	Warlock
	Ikalyss	Hunter
	Shamicow	Shaman
	Bierwampe	Shaman
	Thediddler	Priest
959501204747063376	Jonxz	Shaman
	Cabaela	Shaman
	Toxuc	Warlock
	Ponygirl	Mage
	Tutti	Rogue
	Kamos	Warrior
	Kerkeei	Warrior
	Bölg	Warrior
	Béllatrix	Priest
	Executus	Shaman
	Swup	Warrior
	Gemz	Warrior
	Nebby	Warrior
	Børat	Mage
357626647928766475	Wætchòóm	Mage
412985344888274944	Zachos	Warlock
	Nordle	Warlock
	Crowfather	Hunter
	Økara	Shaman
	Extravagante	Shaman
	Hially	Shaman
635206428952494102	Zenobius	Priest
	Thinkbig	Warrior
	Bortuslight	Warrior
258696938050813954	Bôlg	Warrior
	Dadaa	Warrior
	Cleaveboy	Warrior
	Megamuh	Warrior
775106106145243166	Slugga	Warrior
	Nxx	Warrior
	Phyxuis	Warrior
185109626071678978	Meandroz	Rogue
	Caow	Rogue
	Coffeeboy	Rogue
635206428952494102	Saintgobain	Mage
	Playforkeeps	Mage
	Ambroz	Mage
696702621498605649	Wansmoke	Mage
	Gildan	Warlock
	Sumlockone	Warlock
	Etätyömies	Hunter
	Svarunxd	Druid
	Clydefrog	Shaman
253601118674747394	Jötunn	Shaman
	Zebrashark	Shaman
	Mirwen	Shaman
	Jazzypriest	Priest
	Tren	Priest
	Shay	Priest
	Broidi	Hunter
	Shaylin	Priest
	Mcgregorc	Warrior
	Vidundret	Warrior
	Miscollons	Rogue
	Arrube	Rogue
620717941964537866	Cortez	Mage
	Saïsaï	Warlock
	Sám	Shaman
	Psahyo	Rogue
	Heavenseven	Mage
	Seesnshaman	Shaman
	Toyotasupra	Warrior
	Ghettolola	Shaman
	Mediumbane	Priest
	Sniffle	Warlock
227586645711519745	Shawtzu	Mage
200289851734491136	Bowlene	Hunter
	Kagu	Warrior
146604458472767488	Rób	Rogue
	Kimbozlice	Warrior
	Bazor	Warrior
775106106145243166	Merky	Rogue
	Onedollarhoe	Shaman
327889733596217346	Ludisicda	Warrior
	Waffenzerk	Warrior
	Tiarä	Warrior
	Lähikontakti	Rogue
	ßß	Rogue
	Baguettefred	Rogue
	Waiter	Mage
959501204747063376	Jønxzen	Shaman
	Fipz	Warlock
	Gaspipe	Mage
	Sceneshifter	Warrior
	Oxanna	Priest
	Tollmann	Shaman
	Yahiko	Warrior
	Tormax	Warrior
	Legendarisk	Warrior
	Shredder	Warrior
	Sylix	Warrior
	Skeen	Rogue
	Spit	Rogue
	Yoyoo	Rogue
	Simion	Rogue
	Crazyfingaz	Mage
	Ropemax	Hunter
598948785535582239	Caidin	Hunter
	Thelman	Shaman
	Chaini	Shaman
248924298117382144	Nebzy	Shaman
321652310830874625	Kurtalp	Shaman
	Sveta	Priest
272041373350232083	Dabezd	Priest
	Gutscho	Druid
165939056964927489	Grulgarm	Warrior
177438992386621440	Insanelolz	Warrior
	Kitapless	Rogue
	Awram	Rogue
248924298117382144	Neb	Mage
	Tsome	Warrior
	Infernum	Warlock
	Bakkawf	Shaman
	Espee	Priest
	Flexh	Warrior
	Waffenstorm	Shaman
	Islandboygg	Warrior
	Fishbone	Warlock
	Anthonymars	Priest
	Pheak	Hunter
	Demetor	Shaman
	Healplx	Warrior
690665833751642182	Whatdefunk	Warrior
	Alderian	Warrior
	Lovebug	Warrior
	Dranix	Rogue
	Bothered	Rogue
	Ludikole	Hunter
	Faqshow	Mage
959501204747063376	Jonxztwo	Shaman
	Goreeye	Warlock
897776297764327505	Urzael	Warlock
	Deathcast	Mage
	Beconi	Druid
	Tesses	Priest
	Totemis	Shaman
660533744259563523	Armeus	Warrior
	Gaznar	Rogue
	Lonnart	Warrior
	Kïan	Mage
	Dosz	Shaman
	Reign	Shaman
	Shamadin	Shaman
	Adhd	Rogue
	Ariaxsham	Shaman
	Sixfeetsix	Mage
	Sniffie	Warlock
	Lasthope	Warrior
	Jippikayay	Warrior
	Humblegiant	Shaman
897776297764327505	Hateyøu	Warrior
161064585334358016	Brutalities	Warrior
	Cowtyson	Shaman
	Thalgriel	Mage
	Hookas	Shaman
	Scuzz	Mage
	Killarney	Druid
	Edlabomba	Priest
	Shaitan	Shaman
272799806890442752	Zohan	Shaman
	Roirraw	Warrior
	Climaxx	Warrior
	Hateme	Warrior
321652310830874625	Rastgele	Hunter
	Renamedx	Hunter
	Mânâ	Druid
	Vprz	Warlock
235066417123164160	Gougecloony	Rogue
	Fahlén	Rogue
	Poisonstein	Rogue
	Flehx	Shaman
	Fubbz	Mage
	Deadactually	Warrior
	Zwrd	Rogue
205000410522583041	Devalinaz	Warrior
205000410522583041	Devalina	Mage
	Nasus	Warrior
	Bruut	Warrior
254359378059067392	Lovesausage	Warrior
357626647928766475	Feafth	Warrior
	Inká	Rogue
	Sponz	Rogue
	Jippikanay	Mage
	Jippikalols	Rogue
	Wookiez	Hunter
	Rocadura	Shaman
	Grindo	Shaman
	Irzenemy	Priest
	Swifteh	Shaman
	Kähler	Warrior
1042033036012830741	Vorare	Warrior
	Zugr	Warrior
	Muscleauntie	Warrior
	Tubbler	Warrior
	Exeqt	Warrior
	Slickepinnen	Mage
	Xqtr	Warrior
	Hotsauce	Rogue
	Topkektus	Rogue
	Knorpel	Rogue
	Gooseboy	Rogue
292776822561701888	Justerina	Rogue
	Zodd	Warrior
598948785535582239	Anca	Mage
	Carajïta	Warrior
	Bruixöt	Warlock
	Elkon	Shaman
	Inaya	Shaman
651742161565646849	Håpp	Shaman
	Storeidiot	Shaman
219489949907550218	Banjintwf	Shaman
	Andiscambank	Warrior
620092762032832522	Pomazebog	Priest
	Pictocube	Priest
	Demiks	Warrior
	Hallcat	Warrior
	Drao	Warrior
	Ksact	Rogue
	Bigmax	Warrior
979251121484890122	Kangus	Warrior
	Bingxilling	Warrior
	Tranchwar	Rogue
	Krukken	Warrior
	Voomlx	Warrior
	Gorrol	Shaman
	Unluckybro	Mage
	Worp	Shaman
	Graveyard	Warlock
	Dottee	Warlock
	Troublemaker	Hunter
	Dènirojr	Shaman
	Stormydead	Priest
	Blacklìst	Priest
	Beastheal	Shaman
671451232056901673	Garaddon	Warrior
897776297764327505	Hateboy	Hunter
	Zazdingo	Shaman
	Nagaos	Rogue
	Screwy	Rogue
	Emeshammy	Shaman
	Clydéfrog	Shaman
	Nattybonkers	Shaman
226107802081296396	Draylz	Shaman
	Chromatica	Warrior
723221910153986200	Anabol	Warrior
	Házt	Warrior
	Oénomaus	Warrior
264692543059394570	Tunderstrike	Warrior
	Shøx	Rogue
	Rmaskii	Rogue
	Matombo	Druid
	Imorr	Mage
	Milvio	Mage
	Coolbluë	Hunter
795096507929985075	Rasel	Shaman
	Restomore	Shaman
	Tuska	Priest
	Dussy	Priest
	Nemdri	Shaman
	Torgus	Warrior
	Easylife	Warrior
652594191628632085	Hustlle	Warrior
	Harakat	Warrior
	Strife	Rogue
	Ettanlös	Warrior
	Dbass	Shaman
200289851734491136	Tftroll	Warrior
	Malloc	Warrior
	Noxite	Shaman
	Buffmé	Mage
628667492893720612	Släckertörst	Mage
	Bostieitor	Mage
	Nagaoss	Mage
	Arîax	Warlock
	Sucia	Warlock
	Doodman	Mage
272799806890442752	Zohhan	Shaman
	Leliá	Priest
	Mahtasooma	Druid
	Criticalhits	Warrior
	Bigwo	Warrior
	Wozi	Warrior
	Alhunah	Mage
245669899295260672	Storfedpik	Rogue
1114972196645908641	Restoshm	Shaman
226107802081296396	Drayl	Warrior
	Gaeldeth	Rogue
189715866131103744	Mulno	Shaman
	Minette	Warrior
	Panoz	Warrior
	Hvasaadu	Warrior
177438992386621440	Ilz	Rogue
	Awésøme	Shaman
804520737582088194	Dakara	Warrior
	Bønfire	Warrior
	Äres	Warrior
524320962246737929	Hidu	Mage
219489949907550218	Banjofarmer	Mage
	Meriff	Mage
	Floop	Shaman
	Glenlivent	Mage
233872526583922688	Jviendmelver	Warlock
	Shamanata	Shaman
	Grieef	Priest
	Ødegaard	Priest
184099343706488832	Safiery	Priest
	Roktar	Shaman
	Fullpowér	Warrior
	Daggettbiber	Warrior
524320962246737929	Hide	Rogue
661989845740027908	Irotamat	Shaman
	Namaste	Shaman
404722706735693824	Wickit	Warrior
1114972196645908641	Xanthias	Warrior
	Burstie	Shaman
1173823212270919764	Lbu	Rogue
1175464975700082780	Dekatria	Shaman
	Verywizard	Mage
	Flashdead	Mage
	Ifear	Warlock
	Anethum	Warlock
	Trolbati	Mage
665296666756382736	Feamin	Priest
	Zhartantwo	Priest
	Shanay	Shaman
	Zinwin	Warrior
	Awesøme	Warrior
	Avogadro	Shaman
	Kolper	Warrior
	Danish	Rogue
235794992210247680	Lyrani	Shaman
219489949907550218	Banjilicious	Warrior
	Leprozy	Rogue
	Jaimelesable	Shaman
628667492893720612	Alihankkija	Mage
	Bakuretsu	Mage
492023474437619732	Longtits	Mage
1050837415318798467	Musa	Mage
492023474437619732	Amishrobot	Shaman
1114972196645908641	Farmi	Hunter
	Homicidal	Hunter
661989845740027908	Tamatori	Priest
	Flexxd	Priest
248439633271062529	Muuhko	Druid
492023474437619732	Zuppi	Warrior
1055755304928813097	Romghul	Warrior
	Kraggu	Warrior
643180701918953485	Sjofn	Rogue
233281542187778049	Centershock	Shaman
354960201994207232	Surebro	Warrior
671451232056901673	Gerrald	Rogue
	Projoe	Warrior
	Muaythai	Warrior
	Neronero	Warrior
	Ownerx	Rogue
	Totemmastera	Shaman
702452428406128813	Imeep	Mage
282501228926205952	Ribbet	Mage
216285998500413442	Lilchain	Shaman
248439633271062529	Lavol	Warlock
265852449221378051	Vuroo	Warlock
235066417123164160	Andrabullock	Warlock
601534488140447757	Lexzor	Mage
	Cursedheal	Priest
378984129028423680	Jarrons	Priest
	Hcistoohard	Druid
1071095354004615250	Spintowin	Warrior
211887711747964928	Madurín	Mage
319882595859038222	Xanchi	Hunter
874899268450791484	Dreampool	Warlock
	Norbertbiber	Mage
	Ynsane	Rogue
282501228926205952	Gdkphealer	Shaman
404722706735693824	Wickitfury	Shaman
967890320333373550	Endw	Warrior
	Pendrall	Warlock
	Dersu	Shaman
	Nashowba	Shaman
	Abgehoben	Priest
	Relízed	Warrior
	Alpra	Warrior
598948785535582239	Saidar	Warrior
161169757775593472	Lomíldor	Rogue
	Gromosh	Warrior
200289851734491136	Idfisher	Priest
	Herreløs	Rogue
1042033036012830741	Exeda	Warrior
321652310830874625	Kurtâlp	Shaman
419577256390819842	Albagara	Warrior
	Malyken	Warrior
	Porco	Shaman
224649595874050048	Noblesse	Warrior
	Feldrechner	Rogue
582172785036623882	Jourway	Rogue
	Vulgore	Rogue
	Flashh	Priest
	Flasha	Rogue
	Chss	Rogue
	Rizn	Rogue
	Keezxd	Rogue
	Todyon	Mage
	Zharta	Priest
378984129028423680	Herzigova	Warrior
387675237870993409	Relax	Rogue
	Rzx	Rogue
	Pewzen	Mage
325742749871505408	Zhartan	Priest
	Warug	Hunter
554369956763009024	Hestediller	Rogue
	Nay	Warlock
357639545313034242	Coline	Warrior
	Greeds	Warrior
	Lonnert	Shaman
	Freaksta	Warrior
171049091944415233	Kryssx	Warrior
	Djenkai	Warrior
	Twochain	Shaman
118041631818645504	Zlack	Rogue
	Blacc	Hunter
	Zitzò	Warlock
	Bigtiddies	Priest
	Itsmaestro	Mage
929742899137105970	Soulseater	Mage
470688151086563329	Gervonta	Warrior
1114972196645908641	Restroshm	Shaman
	Zouleenn	Rogue
282501228926205952	Respls	Warrior
	Wondermagic	Mage
	Hufur	Hunter
	Batcher	Mage
	Frenchkiss	Mage
	Dozza	Priest
	Ykon	Warrior
	Edgerboost	Mage
	Baldurs	Warrior
278651951107932160	Ketamaxe	Warrior
	Drazuk	Warrior
652594191628632085	Womp	Warrior
	Skrâm	Warrior
200289851734491136	Atrocitaa	Warlock
	Zeromagic	Mage
	Critsahoy	Mage
	Dekatessera	Shaman
	Mejb	Shaman
245669899295260672	Storfeddan	Warrior
	Isheye	Warrior
145944877484474368	Xzell	Rogue
492023474437619732	Amishandroid	Hunter
	Killfrenzy	Priest
226107802081296396	Cisaris	Priest
	Kryssxd	Warrior
	Owned	Mage
469185674210181120	Magoartes	Shaman
115115313242177538	Dodgeluv	Warrior
	Clarys	Mage
404722706735693824	Tapio	Warrior
	Duelistt	Rogue
	Lonex	Warrior
	Kot	Rogue
	Moskusoksen	Shaman
243826066303483904	Abrumss	Mage
	Dattheone	Warlock
	Ripinthered	Warlock
	Totemswinger	Shaman
	Prissm	Shaman
286442368050135050	Milacyras	Shaman
	Yuri	Priest
	Gromkhar	Shaman
	Crk	Warrior
	Bloodnugget	Warrior
473499774340038663	Ramza	Warrior
	Fasthands	Rogue
921798338284765214	Ninefingerz	Warrior
	Kreshak	Warrior
867730243496968233	Noxiic	Rogue
	Snaí	Rogue
	Rhee	Mage
	Shmendrik	Mage
	Hironex	Rogue
357626647928766475	Foørth	Shaman
161199525292277762	Kòbe	Warrior
301722455721115649	Thenameisbig	Warrior
357639545313034242	Bulfim	Warrior
	Mamea	Warrior
	Suuge	Rogue
	Abssend	Shaman
707178167214800998	Chatgpt	Mage
691069391533768844	Abramz	Warrior
	Axestasy	Warrior
	Langesas	Shaman
	Wroko	Warrior
628667492893720612	Totemsläcker	Shaman
	Naylicious	Rogue
	Testobject	Rogue
	Wingshaman	Shaman
	Varkul	Mage
	Shocknroll	Shaman
457258290850562060	Vesen	Mage
219489949907550218	Banjintlock	Warlock
343468203642585090	Bettyblob	Shaman
	Decibel	Priest
	Arokki	Warrior
	Pishans	Mage
	Bigshox	Shaman
	Caengodx	Priest
	Magueta	Mage
	Summonport	Warlock
	Zordork	Mage
311817177995149324	Thargrim	Warrior
288312524820971524	Thraker	Warrior
	Faiïd	Warrior
	Kamaya	Warrior
935962292368060518	Kinshinobí	Rogue
	Najdorf	Shaman
	Förstlady	Warrior
	Moondance	Rogue
211887711747964928	Maduro	Rogue
	Quack	Shaman
	Flyingrat	Warrior
	Lachaudière	Warrior
	Lilitu	Rogue
	Narfi	Shaman
967890320333373550	Endm	Mage
	Helgor	Mage
	Boostboss	Mage
	Piyopiyo	Priest
233281542187778049	Steliaf	Mage
	Demeter	Mage
	Rottennerve	Mage
	Stenhorde	Shaman
	Biiggie	Mage
	Zauberhannes	Mage
	Smkwf	Shaman
	Lorra	Priest
865487376746545172	Highheal	Priest
	Jumangi	Hunter
628667492893720612	Paahtoleipä	Druid
	Angvält	Warrior
	Kobrak	Warrior
	Chainchadpc	Shaman
	Sunderererer	Warrior
	Elcrito	Warrior
	Cuntymcrogue	Rogue
319882595859038222	Qancho	Mage
233281542187778049	Rîndeastwood	Warrior
	Paulina	Warlock
	Irini	Priest
	Guï	Druid
	Deadcool	Warrior
418139422584995841	Nagibattor	Rogue
	Swolevirgin	Rogue
	Stijfkopje	Druid
	Gorca	Shaman
	Faithfully	Priest
569612621418856450	Collie	Shaman
569612621418856450	Cornpop	Warrior
	Rugu	Rogue
	Stormsky	Shaman
	Tesnjak	Mage
268812965069717505	Palmag	Mage
	Iputspellonu	Priest
	Kalk	Warrior
	Ynnead	Rogue
	Nayrior	Warrior
1123243974967173163	Twinsky	Rogue
1042033036012830741	Pinkparse	Warrior
216285998500413442	Gnodino	Mage
	Fisher	Priest
209798875542716417	Lensen	Warrior
	Kumaz	Rogue
	Kishkes	Rogue
	Kjel	Hunter
186525406944428032	Peanut	Shaman
	Gintama	Shaman
	Gwaery	Priest
492023474437619732	Aidscannon	Warlock
	Denaid	Priest
	Hulja	Rogue
648958445541654538	Windfurypls	Shaman
254572412350365696	Hardcore	Warrior
	Cruela	Mage
999061124207099975	Send	Shaman
	Zvx	Warrior
	Smexykewl	Rogue
241610092942721024	Twigx	Warrior
	Edgerr	Shaman
	Skarzports	Warlock
	Ariser	Druid
378984129028423680	Fasulya	Shaman
	Zou	Warrior
	Xtremeshaman	Shaman
248439633271062529	Catfishbilly	Shaman
	Xwizzard	Mage
	Bäbäyaga	Mage
	Silencé	Priest
	Angstrom	Druid
	Xenus	Shaman
	Iabela	Warrior
	Vishbone	Rogue
	Kankertor	Rogue
	Jomangi	Mage
	Sugardaddy	Shaman
	Mpacz	Shaman
	Vorar	Warlock
423872174969978881	Uaz	Shaman
265852449221378051	Zanitöter	Warrior
	Jaro	Rogue
	Kaako	Hunter
	Plura	Druid
	Taturus	Warrior
	Krigarjävel	Warrior
	Bhp	Warrior
	Cryptowork	Rogue
	Shiu	Rogue
	Beastheart	Druid
	Cowkíng	Shaman
897776297764327505	Nofeelings	Shaman
	Bobbykiff	Priest
	Nizee	Warrior
	Gazzbaz	Rogue
438887231848054794	Bloodburn	Warrior
184099343706488832	Lukomar	Shaman
1244382438151684156	Solivk	Mage
	Rv	Warlock
600715415575855125	Colez	Warrior
601843132681945108	Leska	Warrior
1123605852067217522	Goldenrain	Mage
	Sniffchill	Mage
	Dreamzlol	Priest
357639545313034242	Yasho	Shaman
	Caenstrike	Warrior
	Lotuskebab	Druid
661989845740027908	Dmtenjoyer	Hunter
343425701623627785	Zerocast	Shaman
321652310830874625	Gümgüm	Warrior
275224258211479552	Browncow	Warrior
	Bigbaldtroll	Warrior
346975343447638016	Kraftfuld	Rogue
741011313047896165	Fredspibe	Shaman
	Dominatrïx	Warrior
475399089257840640	Atlas	Warrior
	Goldnugget	Warrior
208314036918419456	Bigsshow	Rogue
	Scumrogue	Rogue
	Krazyhorse	Warrior
	Md	Shaman
704427819375263764	Dzabars	Mage
	Ariaxm	Mage
	Archmagæ	Mage
	Coldshot	Mage
	Aragot	Druid
1043336665017622578	Samayla	Hunter
	Atrocitaaa	Priest
540997581350764554	Bigtusk	Priest
	Manimal	Druid
716404634683703416	Tahr	Warrior
	Feelsrainman	Rogue
	Whitefeaek	Hunter
	Smolderx	Rogue
279953033276948482	Julmaseppo	Shaman
404722706735693824	Farmgoat	Mage
	Jen	Shaman
219489949907550218	Smuksak	Druid
	Suhhdude	Warrior
	Copito	Druid
236841947296169987	Lagerdahl	Warrior
	Mtx	Warrior
	Marsala	Shaman
	Firee	Warrior
	Skee	Warrior
	Zugbear	Warrior
	Fiveyears	Warlock
	Jos	Druid
216285998500413442	Lilshackle	Priest
	Kordahn	Priest
224649595874050048	Nohblesse	Warrior
	Oomen	Rogue
	Hotmilk	Warrior
	Pandorä	Hunter
	Ariaxw	Warrior
	Nayy	Mage
702452428406128813	Emmarose	Mage
270189620623310848	Kinkyfætter	Warlock
	Nattynaughty	Warlock
236841947296169987	Lagerdahll	Mage
343468203642585090	Recipe	Priest
	Runguor	Shaman
207850881503199233	Waynexx	Warrior
617329421724155934	Zebbar	Warrior
698110557680828496	Kaans	Druid
235066417123164160	Mørfar	Shaman
628667492893720612	Dotsläcker	Warlock
635206428952494102	Chumlee	Shaman
	Demetar	Warrior
	Demeto	Warlock
	Deemo	Priest
236841947296169987	Laagerdahl	Rogue
741011313047896165	Tillina	Hunter
741011313047896165	Alcora	Mage
741011313047896165	Apathy	Warrior
	Synapz	Warrior
967890320333373550	Sinnsi	Rogue
	Skunkmuffin	Rogue
219489949907550218	Banjintz	Priest
	Madeitforwf	Shaman
	Martinlúther	Priest
343468203642585090	Bettybones	Warlock
	Milkywayz 	Shaman
	Blackcrowz	Priest
	Demonyze 	Warlock
184099343706488832	Toxiferax	Warrior
	Sheve	Priest
700833774086127767	Amazingblaze	Rogue
	Billybabski	Mage
702452428406128813	Punxx	Shaman
524320962246737929	Hidesham	Shaman
716404634683703416	Mithrandir	Shaman
	Sgtblackhorn	Druid
343468203642585090	Bettythorns 	Druid
343468203642585090	Bettybrainz	Rogue
940573046572474368	Atoft	Shaman
	Oxtail	Warrior
	Lostbearhc	Rogue
	Munierqt	Warrior
661989845740027908	Aezra	Mage
661989845740027908	Aranck	Druid
	Vpr	Priest
524320962246737929	Hidewar	Warrior
	Grollbär	Mage
321652310830874625	Çapkun 	Mage
967890320333373550	Esador	Priest
716404634683703416	Lúthien	Priest
207850881503199233	Waynewf	Shaman
702452428406128813	Punx	Warrior
	Dravok	Warrior
	Dovy	Warrior
424650247667580930	Vieech	Warrior
	Uglyaf	Warrior
	Beefröster	Warrior
	Kethlen	Mage
	Hellsfury	Warrior
	Headworks	Priest
	Headz	Warrior
438887231848054794	Taill	Mage
438887231848054794	Telamar	Shaman
208314036918419456	Bigsshowdk	Priest
208314036918419456	Biggshow	Warrior
188003522690809856	Poprendffs	Warrior
	Necroblast	Mage
	Cop	Shaman
236841947296169987	Lágerdahl	Warrior
	Keezx	Rogue
	Shadess	Priest
	Mümmelmann	Warrior
211887711747964928	Warduro	Warrior
	Kurtkot	Shaman
	Du	Druid
	Ariaxdr	Druid
357626647928766475	Stòómpz 	Druid
357626647928766475	Yarhargul	Rogue
357626647928766475	Wealingtòón	Priest
272799806890442752	Zohanjr	Shaman
	Tombeater	Warrior
190153556697808896	Demographic	Warlock
105374713819176960	Qwejklzxcasd	Warrior
	Thunder	Shaman
	Gneem	Warrior
215236905095135233	Brujáh	Warrior
295618484136837130	Xintoos	Warrior
233281542187778049	Orceastwood	Warrior
350665240847056896	Ikiyako	Warrior
	Undeadbob	Rogue
363343084928630785	Doomcaller	Warrior
	Indoctrinate	Shaman
	Raidflow	Hunter
	Slasch	Warrior
	Thunr	Rogue
	Gorgutzo	Warrior
	Epic	Warrior
	Strank	Warrior
190949124172939265	Metion	Rogue
	Botomago	Mage
	Inflame	Mage
	Ymperial	Mage
	Tekus	Priest
	Apí	Priest
	Rogrikkor	Warrior
1096146838039580672	Blechatec	Shaman
	Frostlove	Mage
351790913095335936	Kaydibe	Rogue
	Propuller	Hunter
	Mortalist	Warrior
	Fjällräven	Mage
720391123440238643	Bulkhunt	Hunter
	Fratsenpats	Warlock
	Jokerstotems	Shaman
233281542187778049	Centershocki	Shaman
275378194960482314	Yakuzà	Warrior
584111970525904898	Adrien	Warrior
227586645711519745	Shaw	Warrior
156770481553276928	Clpc	Mage
	Grubb	Warrior
	Förstabossen	Shaman
	Gargentua	Mage
	Obviousx	Mage
	Lone	Shaman
	Snouwhite	Druid
	Rajjah	Rogue
	Htn	Rogue
412985344888274944	Christaras	Shaman
	Zebar	Shaman
	Nelky	Priest
	Gazbaz	Mage
	Shaxe	Shaman
	Doomscaler	Warlock
	Mocloc	Hunter
	Getoffmyway	Warlock
265852449221378051	Ziru	Mage
265852449221378051	Ciiru	Druid
265852449221378051	Paipa	Hunter
265852449221378051	Liiaa	Rogue
770529686664773712	Bsh	Mage
	Woolyqts	Shaman
	Renataki	Rogue
110826083821047808	Smikz	Warrior
	Mesopotamian	Priest
540469833104621588	Lisslol	Shaman
	Exerton	Warrior
295376187826372610	Karabin	Warrior
	Mamacita	Warrior
235794992210247680	Angrosh	Warrior
1170033328431317148	Clay	Rogue
	Tonkabear	Druid
	Splunge	Warrior
	Wazoohc	Shaman
245669899295260672	Storfedfisse	Mage
584657882323353610	Kruna	Priest
	Piraiba	Rogue
	Snowmane	Druid
596056449138819082	Kruugor	Warrior
596056449138819082	Stormheart	Shaman
596056449138819082	Verroz	Mage
233281542187778049	Dispells 	Priest
245669899295260672	Storfedcow	Shaman
	Kamayah 	Mage
	Kamay	Warrior
428972588581257226	Crotaxx	Warrior
	Mageforboost	Mage
	Nagaoslock	Warlock
269499394477391873	Arythmic	Warrior
161169757775593472	Lomildør	Warrior
1102126889327403108	Hybb	Rogue
	Myhoneyfarm	Mage
	Akagi	Warlock
	Kpist	Shaman
1212459511814823940	Synes	Priest
540574149379358750	Gromda	Shaman
434395137020264448	Temeiertje	Shaman
275378194960482314	Azukà	Warrior
628667492893720612	Holysläcker	Priest
342068123026849805	Mysticmiss	Priest
	Moofasaa	Druid
540997581350764554	Strongtusk	Warrior
	Worriahtwo	Warrior
	Chappi	Warrior
190153556697808896	Kfrosties	Mage
	Nuissancess	Druid
	Heraq	Shaman
	Palfinger	Priest
1043336665017622578	Naugthygirl	Druid
	Slimshazy	Rogue
	Supwigga	Rogue
391358870368419841	Poker	Warrior
	Garrona	Warrior
	Franklin	Mage
775775669170601984	Uniqdruid	Druid
631973080503418884	Miaaw	Druid
607671723004788746	Red	Warrior
	Axeaxebaby	Warrior
422501677531267102	Grakka	Warrior
	Jizza	Warrior
540574149379358750	Frozeneyes	Warrior
161169757775593472	Lomîldor	Mage
	Azôg	Warrior
226503544583225345	Andycole	Rogue
	Sorrowhill	Mage
	Shammyseki	Shaman
	Bankó	Warlock
	Spintowinx	Warrior
	Persehiki	Rogue
219927030815260673	Amnesy	Warrior
	Devran	Warrior
675664673462288414	Hastebaby	Mage
	Tütchen	Mage
1173823212270919764	Chainkek	Shaman
	Dupina	Priest
319882595859038222	Sunchi	Shaman
	Mikkelgaup	Warrior
207850881503199233	Waynexr	Rogue
	Tsoohg	Warrior
	Leute	Rogue
619968308661190657	Bertbro	Shaman
	Supø	Rogue
770529686664773712	Pastingo	Shaman
340582816649838602	Pendra	Shaman
	Pallblinka	Priest
	Gnw	Shaman
620717941964537866	Spartacus	Shaman
	Rsen	Warrior
249606489528860675	Malmster	Warrior
	Slicing	Rogue
423522426874232834	Slurpen	Rogue
334036676009656320	Lileath	Shaman
1133794060130320566	Edna	Mage
434395356575301633	Merumu	Warlock
428640898633564160	Madouz	Priest
	Leorickz	Priest
725760873079242843	Theios	Shaman
891209480640032779	Kampfer	Warrior
1073648623088320603	Chainchad	Shaman
635173540923965471	Shamiroquai	Shaman
	Panzertanken	Warrior
246991663996600321	Barrenschad	Shaman
720391123440238643	Heavytanko	Warrior
	Gaamb	Rogue
	Kok	Mage
	Tooeasybro	Warrior
306215404282576907	Badpeople	Shaman
	Elementa	Shaman
1114972196645908641	Magîer	Mage
	Chadnedo	Warrior
	Buuk	Shaman
	Herziorcova	Warrior
798964491303649320	Rompera	Rogue
	Neyrd	Warrior
598535296656736394	Summerfugl	Mage
	Mirasch	Mage
	Candîe	Shaman
	Wickitheal	Priest
145944877484474368	Madbeast	Warrior
603964856139251726	Livingabroad	Hunter
	Nomadiction	Warrior
295376187826372610	Ruhé	Rogue
395126972012953600	Råkeltappi	Rogue
	Uncleanz	Warrior
165939056964927489	Elitiktak	Shaman
	Kamikpro	Mage
	Kamp	Mage
	Ramsés	Priest
	Bortus	Warrior
	Heraqt	Warrior
	Galib	Rogue
424616677318197301	Stome	Warrior
221264087907041280	Dirtyharty	Warrior
400374076595503116	Twochainz	Shaman
	Barteklëwl	Mage
471371118322647070	Narkaye	Warlock
643180701918953485	Howidewitt	Druid
276264179055460352	Meatcleaver	Warrior
185382688847429632	Paradogma	Warrior
359293387289133070	Sassy	Warrior
720391123440238643	Rayo	Mage
200289851734491136	Wildmark	Druid
253601118674747394	Jackflash	Shaman
648958445541654538	Pibo	Warrior
434395137020264448	Temeier	Warlock
227771711821447178	Baconader	Warrior
399378802595069963	Nekenieh	Warlock
	Undux	Warlock
661989845740027908	Irotama	Warlock
303567828924104714	Elskeleto	Priest
	Bismarck	Warrior
	Jackedx	Rogue
319536050781421579	Smashsus	Warrior
313032341381709824	Azzizi	Rogue
544566102173155349	Shythawk	Mage
469185674210181120	Mcflurry	Mage
784766324625768510	Odoakar	Warrior
	Justerini	Rogue
540997581350764554	Deadtusk	Warlock
540997581350764554	Bowtusk	Hunter
540997581350764554	Smarttusk	Mage
540997581350764554	Quicktusk	Rogue
540997581350764554	Donntusk	Druid
540997581350764554	Totemtusk	Shaman
569612621418856450	Beefalo	Warrior
253601118674747394	Hahahahah	Warrior
	Sadiomane	Rogue
282501228926205952	Ribet	Shaman
301471428383866880	Fuskeren	Priest
285199802550059009	Warnezz	Warrior
	Capofury	Shaman
164077943688134658	Kadena	Mage
	Vibecheck	Druid
	Ogral	Warrior
646018073068961792	Svenman	Warrior
	Eman	Warrior
	Banjint	Shaman
269215758108590081	Cousingreg	Rogue
	Ouf	Mage
	Sumerian	Mage
	Blastya	Mage
631973080503418884	Skyggemiaaw	Priest
784766324625768510	Draqua	Shaman
612538298933444608	Turanka	Shaman
	Amnesîak	Warrior
305382777572950017	Hannyhorse	Rogue
253450550895575040	Keldaurz	Warrior
	Casperr	Rogue
830768973234176021	Corepunk	Mage
227586645711519745	Corndawg	Mage
448251086739079168	Soulrek	Warlock
586865085926866945	Varengian	Shaman
739497248458801173	Erkkipokki	Warrior
748170235114291391	Kparkvil	Rogue
	Skodvin	Mage
356391798408478723	Darkfire	Rogue
224562435674079232	Icecold	Mage
	Jadellxo	Priest
260207934833688579	Gaho	Warrior
376392365797015552	Loucowmoocow	Shaman
	Yorkshiretea	Warrior
346978982631178256	Alionex	Warrior
	Dargante	Warrior
396109834921181189	Winklabertl	Rogue
447124014134067210	Suprie	Mage
803506300528885781	Ohnoimdead	Priest
161169757775593472	Zandramas	Warrior
	Resistarz	Warrior
	Speedyshaman	Shaman
508398343295336450	Mux	Warrior
	Stonedshaman	Shaman
584657882323353610	Raethor	Warlock
1100058580192870472	Hoobi	Priest
418139422584995841	Upuyr	Druid
617797859064021002	Williwillson	Rogue
	Tonyferguson	Warrior
814952533222359070	Obses	Rogue
	Buma	Shaman
233655344356786177	Bingdingus	Shaman
598794130499436555	Aroqki	Warrior
814420562247680031	Youknowme	Hunter
	Ogrog	Warrior
	Baragdurchad	Mage
	Positîve	Warrior
	Makgorà	Shaman
	Agrippine	Warrior
	Evillkind	Warrior
	Leonzulu	Warrior
455029690453983232	Afgan	Warrior
789986962907332620	Xdo	Shaman
1111727188451016754	Hulum	Priest
410817653645770753	Bullbag	Warrior
305374346858201090	Ippô	Warrior
897776297764327505	Positive	Warrior
386667851827773443	Crayoneater	Rogue
242273637799821312	Pomaa	Mage
	Mirabell	Mage
140585488183459840	Talea	Hunter
	Letztehilfe	Shaman
359293387289133070	Feeltheheal	Priest
290801515818516480	Premîxx	Warrior
921798338284765214	Ninetoez	Rogue
336116789115092992	Roknor	Shaman
249649999619686402	Boneymythic	Rogue
225717659440906241	Icydice	Mage
311271066280525825	Vanillasson	Priest
760950833168121856	Aneyh	Warrior
419577256390819842	Madoka	Warrior
178260983658053632	Bulker	Warrior
862585292548734986	Guero	Rogue
532915248051519489	Grashzug	Warrior
718792284799238153	Rhatid	Warrior
341547723708694528	Ðixxy	Warrior
363364545651277825	Mace	Warrior
277130922439213066	Hixio	Rogue
235066133013725185	Sunny	Shaman
371255973983027202	Momli	Priest
529992205008633856	Örlock	Warrior
1266722694251020370	Francisdrake	Rogue
452459962988363777	Amandiya	Shaman
705151442381570150	Tethyr	Warrior
760950833168121856	Crazyiwnl	Warrior
235744232088797185	Venumz	Rogue
1012076137570111570	Lapylichka	Mage
403258713328320514	Marasli	Warrior
315333240837767168	Unigine	Shaman
200289851734491136	Cantstunme	Rogue
221264087907041280	Dirtywinfory	Shaman
723569783324409958	Frostbone	Mage
268135459568353281	Nettles	Druid
275378194960482314	Yakù	Warrior
286442368050135050	Barbare	Warrior
598948785535582239	Saidin	Shaman
236582572593774593	Danzje	Mage
191686490974191627	Ajal	Warlock
210051694975778826	Trulsa	Shaman
340582816649838602	Leo	Warrior
106838330611679232	Drayzhull	Warrior
613799885480787978	Jahne	Warrior
183286593321172993	Clothbuster	Rogue
872954882896838676	Komunist	Warrior
448251086739079168	Chainrek	Shaman
874899268450791484	Taserface	Priest
773817275508850729	Woosa	Shaman
446750020889214977	Drenggar	Warrior
872954882896838676	Brutalx	Rogue
607671723004788746	Deladea	Rogue
633657289013854240	Moltenkorv	Warrior
239815009973174287	Bambooche	Shaman
452459962988363777	Aalmira	Mage
1130231141681594488	Allanon	Hunter
705151442381570150	Dalila	Warlock
617098532259889172	Daeagle	Priest
203469761953136640	Chasco	Shaman
236841947296169987	Lagerdáhl	Warrior
226636385178615808	Stompmeister	Shaman
355391467520262156	Swarléy	Warrior
236064428414599178	Huore	Rogue
350665240847056896	Howark	Warrior
1234831323030622273	Veyr	Rogue
423522426874232834	Udonis	Priest
588114940506800128	Dreita	Hunter
139123862641180672	Legacylock	Warlock
1141316255865901096	Pierse	Rogue
237503023490924544	Raargh	Warrior
325742749871505408	Eachon	Warrior
943642493176668160	Gris	Rogue
219909716187283458	Djem	Druid
403929938723471360	Dzungar	Hunter
195521409592721410	Slickhunt	Hunter
314784268364546069	Rantoch	Priest
1130231141681594488	Allanna	Warrior
311817177995149324	Golomh	Warrior
269092226066415616	Ikah	Warrior
274563650490990592	Ulta	Warrior
646018073068961792	Svenee	Shaman
234096468514963458	Jammerz	Shaman
520757359539257356	Domybestwo	Mage
253601118674747394	Bobbybrown	Warrior
795320003394011207	Balcani	Rogue
607671723004788746	Redmag	Mage
929147224661823560	Porcelaine	Shaman
241568375166337024	Solomonic	Mage
219195236612571136	Akelliuz	Shaman
601534488140447757	Nightpain	Priest
172764152811618304	Frib	Warrior
447124014134067210	Vírus	Warrior
303617662502567938	Winfury	Shaman
625725179363852288	Axemusina	Warrior
191530020743675905	Jimmaah	Warrior
659881196330680321	Sad	Warrior
376824248041209865	Zattah	Rogue
340477324258705419	Hackfort	Warrior
303267934346674176	Cost	Mage
515181603018768386	Élise	Warlock
92083129392574464	Grishold	Shaman
1042033036012830741	Xeda	Warrior
439882753874460672	Woulyqt	Warrior
820289258379149322	Moertå	Hunter
775106106145243166	Soapys	Warrior
403258713328320514	Mainhuntarxd	Hunter
214863060567851019	Ejderha	Shaman
412220985773654016	Zerò	Warrior
229221926277480448	Peggie	Hunter
1146841520264187994	Lilboy	Warrior
347097743711272961	Dazí	Hunter
694596702618910740	Khabibsmesh	Rogue
164354755026616320	Ed	Warlock
799974450514493450	Araq	Hunter
514323994279936040	Avrine	Priest
1021772698000572466	Fireon	Mage
256122577666179072	Twothirds	Priest
409080591133179916	Zwiebelsaft	Priest
256122577666179072	Örümcek	Priest
403973864578613258	Zensa	Priest
717378650621739099	Hasakill	Mage
411885178487832577	Meyck	Mage
262709094358581248	Skyw	Mage
646018263930765364	Eraizer	Mage
255759250628935681	Noiken	Shaman
276510213803212811	Waabo	Warrior
874899268450791484	Nuxsy	Rogue
334339248343875586	Ziganka	Shaman
748275508860420216	Above	Druid
112207345047592960	Drecx	Druid
644457363150995467	Meeze	Shaman
357626647928766475	Byebyebuff	Shaman
254572412350365696	Dinso	Warrior
314784268364546069	Sabo	Warrior
239854431393284098	Gulmohar	Warrior
296780336816193538	Moesgaard	Shaman
1264377266167615498	Busdríver	Priest
723221910153986200	Rgnar	Warrior
237503023490924544	Raarghh	Druid
285199802550059009	Nezzyy	Shaman
248439633271062529	Mudmouth	Warrior
622220709581553664	Buzzays	Shaman
112207345047592960	Precx	Rogue
314784268364546069	Saboo	Mage
644249210094354432	Moonrune	Druid
356111802586890241	Etrix	Mage
616730582365241395	Bodysnatcher	Warlock
399378802595069963	Hunor	Warrior
511186197998206977	Stuck	Mage
233587593508290560	Kip	Warrior
191530020743675905	Kalíx	Rogue
1110149593896861709	Anisaa	Shaman
231898214163283969	Wreckitralph	Warrior
244177191204683776	Lagging	Mage
357626647928766475	Cømpound	Hunter
659881196330680321	Happy	Shaman
165939056964927489	Jabadabado	Warrior
719542162676645929	Zeen	Shaman
403991055692857347	Oni	Shaman
820289258379149322	Muertê	Hunter
319536050781421579	Guesswhodead	Rogue
959501204747063376	Kekcoil	Warlock
144212802263842817	Themike	Warrior
264495189182119936	Cryven	Rogue
196302623563841538	Saeglor	Rogue
271014934484221963	Tntx	Mage
209798875542716417	Magisklens	Mage
161169757775593472	Lomìldor	Shaman
688531417298501658	Fromfire	Mage
1275502233106124875	Weyzr	Mage
161169757775593472	Lømildor	Warrior
1123605852067217522	Dontlookatme	Mage
255693294321795092	Arrkä	Warrior
315333240837767168	Ifeelhcore	Warrior
657349194339713025	Bounta	Mage
296024855080468481	Balrock	Shaman
490222418132992000	Megorlin	Rogue
179693397995421696	Shieldlich	Warrior
177438992386621440	Insanelolzx	Mage
194038310182584320	Nostyr	Mage
357626647928766475	Brøcciu	Warlock
628302127231664128	Spellzs	Priest
718198880751190176	Lillit	Warlock
661989845740027908	Tiev	Shaman
470688151086563329	Killaplague	Mage
571804035854630942	Ungolianth	Warrior
257525288852914187	Highquality	Warrior
168393574000492545	Ontox	Warlock
1042033036012830741	Slayêr	Warrior
272799806890442752	Topwizard	Mage
694596702618910740	Maegmaegmaeg	Mage
1099757281232572526	Hamster	Shaman
399378802595069963	Hunan	Mage
311174936238620673	Oîda	Warrior
537011826395971625	Kaers	Warrior
313312058324025357	Snåtty	Warrior
568862256528359424	Chuave	Rogue
720391123440238643	Berimbolo	Warrior
781291575379755008	Lmk	Rogue
268126785412005888	Oraclë	Shaman
195212594112364545	Xsyon	Mage
408795693839286273	Vikgin	Shaman
239854431393284098	Bdellium	Priest
1114972196645908641	Wtfcritlol	Warrior
1005588987911610489	Hideändrun	Rogue
414861295951675392	Urshake	Shaman
161169757775593472	Lømildør	Warlock
289891824317759488	Svarsk	Priest
612538298933444608	Magata	Druid
1019654463847403590	Ilestlor	Mage
418139422584995841	Evilkind	Mage
1148557206942388266	Skratt	Rogue
828288877633470464	Seraenther	Warrior
236841947296169987	Threatening	Warrior
713807087200633014	Bombaklaad	Warrior
119874397887528960	Magisnubbe	Rogue
563061952528646154	Deepgreen	Shaman
287617035293163520	Raftershaman	Shaman
275568858071433216	Komar	Mage
553790544917168128	Tennshi	Warlock
1025697559005626378	Phayz	Shaman
224640365586546688	Krillez	Shaman
262641219723722754	Windseeker	Warrior
601534488140447757	Lexzoru	Shaman
347851033965232128	Claws	Druid
1137498153579466843	Heliosyares	Warrior
224640365586546688	Katyparry	Warrior
404722706735693824	Noshards	Warlock
281759217482727435	Crushhoof	Warrior
191530020743675905	Jimmytotem	Shaman
648579423502860298	Obertan	Warrior
644921827742973972	Breituxss	Warrior
584657882323353610	Raejin	Hunter
697790024489369603	Restoshamy	Shaman
972085301944152074	Medo	Rogue
550721558075932708	Proteinz	Warrior
162218341644107777	Dingyó	Mage
121020589942112257	Klant	Mage
503293806716780568	Zarbex	Rogue
257213035234459649	Rushtonátor	Warrior
1114266307584602232	Igetu	Rogue
777261712494952519	Dérwendler	Warrior
996410622487044106	Shocky	Shaman
232132989088169985	Tarissa	Priest
580809177405063178	Opiace	Druid
775775669170601984	Uniqwarlock	Warlock
665296666756382736	Necromancér	Priest
533418910666719251	Tobalt	Priest
245271781340872714	Welfi	Priest
1006888068592193558	Totemfriend	Shaman
319202067933691931	Skullbasher	Warrior
705042894872117300	Jimmyboombox	Rogue
561201913471959041	Skinnynerd	Warrior
1092875454094004366	Arugh	Mage
814420562247680031	Lpq	Shaman
332959837430218763	Zalambdodont	Warrior
188402907866071051	Thoolav	Warrior
804520737582088194	Jaøs	Warlock
224640365586546688	Krillew	Warrior
202033645857406977	Rataksès	Warrior
404264809035595777	Sikiö	Druid
615978046222106843	Asasinas	Rogue
585108113422549045	Vegaxz	Druid
862585292548734986	Doomguy	Rogue
327889733596217346	Ludimag	Mage
1138581594802761851	Poleno	Shaman
716404634683703416	Haleth	Rogue
463438384220733461	Mov	Warrior
855857026110586919	Krigarsnubbe	Warrior
245271781340872714	Vvelf	Shaman
142330510528610305	Dstreet	Rogue
277130922439213066	Hixia	Shaman
1123605852067217522	Rfcsfkmarazg	Mage
1066775993454448660	Raggedy	Shaman
192362430473568260	Cokendcaviar	Priest
628667492893720612	Hornysläcker	Shaman
648579423502860298	Dabuko	Warrior
713033952197214288	Beastshaman	Shaman
174565553728520192	Eclipse	Warrior
837290939475034172	Pirist	Priest
425713252010426368	Decltype	Warrior
180386586934902784	Vírgin	Shaman
415870827347836928	Lothbrokk	Warrior
187683666376392704	Marcdevo	Warrior
628667492893720612	Sundersläcker	Warrior
460150909306011649	Vaksha	Rogue
328277528814813184	Rubberduckk	Warrior
563061952528646154	Shadowbert	Mage
273743563265802240	Warkosh	Mage
403991055692857347	Sóul	Warlock
722561416523153449	Madpriest	Priest
540205742930526209	Devilus	Priest
131861597600743424	Tactisham	Shaman
1189260733469446164	Petjam	Hunter
355391467520262156	Klaymore	Warrior
1096146838039580672	Brucice	Warrior
469767682913337345	Asmar	Mage
326014242346106880	Biohardz	Priest
540512300570771457	Picklerick	Mage
925848512384622602	Cowlicious	Shaman
295882862488715265	Biggamb	Warrior
177438992386621440	Stabdad	Rogue
226789162177527809	Mantomx	Rogue
444775083827789834	Jmz	Rogue
187683666376392704	Brygge	Druid
792838323110150144	Jehovasvidne	Rogue
239854431393284098	Bidurhu	Mage
716404634683703416	Feanor	Mage
235440155387756544	Zuljah	Shaman
235440155387756544	Drago	Shaman
1189260733469446164	Starnight	Warrior
367348396412895233	Blackdeviill	Mage
251402838851321856	Xavíus	Druid
460150909306011649	Vargul	Warrior
288312524820971524	Dhraker	Warrior
271573428765458434	Kéristra	Rogue
828288877633470464	Lorantosch	Shaman
1167246748079628309	Ruthless	Priest
367332997935923200	Häijy	Warrior
199533699459448833	Pungmassage	Warrior
259686506682253312	Worriah	Warrior
115115313242177538	Nowuseeme	Rogue
1123605852067217522	Néwbie	Mage
238722540091080714	Ferrant	Druid
327940231095648256	Sacrifik	Shaman
247788628384677889	Troogie	Shaman
1009508866586853498	Botlord	Warrior
723221910153986200	Pyroplast	Mage
330374884561518592	Dieabetis	Shaman
628667492893720612	Sundrsläcker	Warrior
702452428406128813	Trollracial	Warrior
260868414933827607	Mdmazable	Warrior
254928450723381248	Selinnee	Warrior
904137674242269224	Diam	Priest
1240946845145108561	Rachet	Rogue
770529686664773712	Novafen	Priest
479437334006464553	Johnnycage	Warrior
278651951107932160	Ketastabby	Rogue
1239654200951046268	Srapurple	Mage
544942176610549762	Edgerpump	Priest
628658372341792768	Xal	Rogue
347851033965232128	Tbon	Warrior
833725277292200006	Togtoga	Warrior
212948417775665153	Parkour	Warrior
770529686664773712	Piliest	Priest
190153556697808896	Daddyjuju	Shaman
192352434524258305	Bulluk	Hunter
245948919366811648	Vulkan	Shaman
347851033965232128	Josken	Warrior
239789942916644864	Gomera	Warrior
378984129028423680	Nebukadnezar	Mage
503293806716780568	Dapuci	Mage
205752598291021824	Sartalferk	Rogue
328277528814813184	Rubberduck	Rogue
216285998500413442	Lilchstun	Rogue
178959837370122241	Kuhbärmann	Druid
742723515823947818	Haon	Priest
718792284799238153	Rovlin	Warrior
705151442381570150	Bonehead	Priest
201467211477417984	Murtalhaw	Warrior
110826083821047808	Snuki	Shaman
412985344888274944	Joulia	Priest
531166478683340831	Chyzo	Rogue
376392365797015552	Lucent	Mage
201467211477417984	Murtalha	Warrior
335072786748014592	Hedgard	Mage
270912598797582336	Viggen	Rogue
603680494600585216	Buffme	Warrior
620717941964537866	Dracul	Warlock
315246749742792705	Portion	Priest
325742749871505408	Rorare	Warrior
1048125701494157333	Kapet	Warlock
243168298454351873	Xvz	Warrior
256122577666179072	Kamm	Shaman
897776297764327505	Kevinfinerty	Mage
600715415575855125	Carnoidea	Druid
495577869586792469	Warumarbeit	Rogue
1337129681618468955	Grim	Rogue
275354261565734912	Potàm	Rogue
628658372341792768	Xoa	Warlock
801563029216559116	Crimetime	Rogue
612538298933444608	Shamka	Shaman
251032708510121984	Twi	Priest
1259880200209039360	Rivench	Warrior
200289851734491136	Kubilaï	Warrior
524320962246737929	Icypeach	Mage
865487376746545172	Littlefoot	Mage
235066417123164160	Riceface	Warrior
578329761537851404	Katsarida	Warrior
598948785535582239	Ancar	Rogue
327889733596217346	Shorttits	Mage
153560709500895233	Jerjon	Priest
177438992386621440	Giannineve	Warrior
216285998500413442	Lilcharge	Warrior
1103398616762155069	Storyyworth	Priest
958669665029218365	Nastie	Warrior
1148557206942388266	Zugriff	Warrior
327889733596217346	Ludibocko	Rogue
1037426516541321296	Sqúirrel	Shaman
450429164198297601	Sjindil	Druid
419577256390819842	Genie	Warrior
246991663996600321	Middlerock	Warrior
1237365953927315497	Daddyyankee	Rogue
171956394067623936	Aelthalyst	Warlock
202033645857406977	Rataksës	Priest
226107802081296396	Hardzen	Priest
612449721969279035	Nihilus	Warrior
460150909306011649	Letha	Warrior
273919609021661185	Zodiaken	Warrior
311817177995149324	Bahara	Shaman
1037426516541321296	Funduk	Shaman
292036571564212235	Rebel	Priest
623464023651909632	Turnerbrown	Priest
1228155192353095821	Razr	Shaman
925848512384622602	Gødmode	Warlock
361283155686064138	Alkemiko	Priest
244952873430024192	Jamæca	Warrior
311271066280525825	Vanillashake	Warrior
540469833104621588	Gomer	Mage
720391123440238643	Girlytank	Warrior
551678706180161538	Joker	Warrior
1228155192353095821	Darkwood	Warrior
197410960745431050	Erebos	Rogue
444227002162216961	Iolwp	Shaman
355387165489889290	Záppér	Shaman
338451380811333634	Joejoezoo	Shaman
255531462122536960	Phil	Priest
1293229211565293631	Bipolar	Warrior
506945193715695616	Mikizh	Rogue
244952873430024192	Jamooïca	Warrior
240591043718938644	Borgus	Warrior
460150909306011649	Bryggeri	Warrior
448075185975721994	Profesør	Warrior
210064344539463680	Halgrim	Rogue
307620609339162624	Èlshamon	Shaman
953704154889601054	Emperador	Mage
269200685768114187	Shyva	Mage
309421727946113026	Fjällis	Warrior
1025697559005626378	Phaýz	Priest
1142886747668221952	Dg	Rogue
307620609339162624	Asar	Warrior
303567828924104714	Boberdole	Warrior
1362757625678139442	Scar	Rogue
637919041226276906	Mozzarella	Warrior
237212286245273603	Maledruud	Mage
259686506682253312	Dekattobjörn	Druid
943213329609003008	Sitna	Priest
355391467520262156	Naldi	Druid
254572412350365696	Dinsox	Warrior
1362757625678139442	Rhéagar	Rogue
340586318943879168	Betaone	Warrior
272832966819053568	Morricone	Shaman
1306732286863216734	Hald	Warrior
251402838851321856	Nerazzurri	Rogue
216490453661384704	Orcazmos	Shaman
615532092234792980	Stills	Hunter
524380050477285377	Brainlez	Shaman
533002253313769472	Aliolehorla	Priest
1123605852067217522	Néwbiesoft	Warrior
1138581594802761851	Ariela	Shaman
683342729844883486	Shallows	Priest
1042033036012830741	Exedaa	Warrior
684358850903801924	Dissha	Shaman
382203422813716490	Hineckora	Rogue
683342729844883486	Shalloww	Mage
458973190119620608	Juz	Mage
1138581594802761851	Jonnydepp	Shaman
125734194801410048	Repar	Rogue
422745575088193536	Mirgrut	Mage
458973190119620608	Pvelord	Warrior
495857652262502420	Unreliable	Rogue
272799806890442752	Zohanjunior	Shaman
400350632340488193	Rosbert	Warrior
422745575088193536	Turgrim	Warrior
1013104402678153336	Zorroz	Rogue
387325485472022548	Warler	Mage
897776297764327505	Toxicbeef	Warlock
648579423502860298	Kaervas	Warrior
400350632340488193	Depils	Warrior
524320962246737929	Kakim	Mage
355391467520262156	Dreaktwo	Druid
615532092234792980	Grundall	Shaman
274986026395631617	Parichko	Priest
684358850903801924	Garonochka	Shaman
518692479080595466	Notolol	Rogue
378108992217415680	Hungry	Priest
1167246748079628309	Zåge	Warrior
640258639227125828	Rhinoceros	Rogue
540469833104621588	Sizematter	Shaman
524320962246737929	Kadaver	Rogue
231848648449851395	Teon	Warrior
335809952222412803	Buzzsaw	Shaman
228504811266375680	Xurha	Rogue
742723515823947818	Ebon	Warrior
540469833104621588	Nyiny	Mage
292036571564212235	Flîpster	Priest
254928450723381248	Seliinee	Shaman
275378194960482314	Yakuzàx	Warrior
640258639227125828	Rhinöcerös	Warrior
266528174064533504	George	Warrior
346037993930358784	Ozyfreeze	Mage
279888560113582080	Khree	Warlock
412985344888274944	Jazzo	Shaman
621410169506627594	Beella	Warrior
298497153133838337	Yanerik	Warrior
683342729844883486	Shaiiow	Rogue
210138008328863744	Aung	Warrior
529992205008633856	Shäe	Rogue
284333390998798337	Kissmyaks	Warrior
1291381536087871540	Mistogun	Rogue
1228155192353095821	Rezr	Rogue
393471627871911937	Asagud	Shaman
705151442381570150	Zanlamin	Shaman
219206068960493568	Snohvit	Priest
711647764257177610	Vitovt	Warrior
204683623461421056	Color	Shaman
342314513263230999	Badcocostegi	Rogue
540469833104621588	Lisslolz	Shaman
720391123440238643	Crabride	Warrior
596408487354040332	Enizneb	Warrior
683342729844883486	Shallower	Warrior
236170721800224768	Notorious	Hunter
110826083821047808	Smikzi	Hunter
775775669170601984	Chopchop	Rogue
1036014347857707049	Dapucci	Shaman
446277499731574784	Babylonian	Shaman
1295060409589698682	Sovask	Rogue
951948622243721287	Batesparg	Warrior
451072958379851787	Soulflayer	Warrior
228504811266375680	Nazar	Shaman
928403358132371506	Sasori	Rogue
1217033674680176651	Drkshdw	Rogue
239815009973174287	Bamboocha	Shaman
931256212660576336	Ceylo	Priest
273894642041356291	Kekyabuffs	Priest
1368638628149858456	Alexa	Warrior
389151558564184064	Blackbraid	Warrior
278651951107932160	Ketamaximus	Warrior
154271985365549057	Tonitank	Warrior
943213329609003008	Cairo	Rogue
239815009973174287	Nikmagnific	Mage
805066504986296350	Lambo	Priest
600243575971905546	Grìmà	Warrior
214482678999810048	Djic	Warrior
395126972012953600	Risumies	Warrior
838864674178596884	Xenaphes	Rogue
268765714570018817	Unreal	Shaman
999024441386344570	Lucilde	Priest
389151558564184064	Bottle	Mage
540512300570771457	Moox	Druid
656276241711628308	Arxontas	Druid
1042033036012830741	Emara	Warrior
720391123440238643	Heavynoobko	Warrior
711647764257177610	Rähan	Warrior
1368638628149858456	Chica	Warrior
178959837370122241	Shockmann	Shaman
313312058324025357	Snåttabajas	Warrior
273894642041356291	Virexzug	Warrior
221256957934305282	Piieer	Shaman
784766324625768510	Odeakard	Warlock
211887711747964928	Madurö	Hunter
628667492893720612	Tøtemsläcker	Shaman
378984129028423680	Herzigová	Warrior
150978115588456448	Bawbie	Warrior
214482678999810048	Mihr	Hunter
333924989189226497	Knatknat	Warrior
807666855078133760	Ryzem	Rogue
239815009973174287	Bamhoofcha	Shaman
1315250100917895202	Fialane	Priest
679392310672228352	Wygraljebany	Warrior
112207345047592960	Precidia	Hunter
1037426516541321296	Chípmunk	Warrior
419476539143487489	Meredith	Rogue
363343084928630785	Spellcaster	Mage
233587593508290560	Kippus	Shaman
450429164198297601	Sjinskher	Priest